layer,head,dla_contribution,probe,checkpoint
0,0,-0.00015697575872763991,dog/cat,10M
0,1,-0.0008531020139344037,dog/cat,10M
0,2,-0.0015478278510272503,dog/cat,10M
0,3,0.0005612805252894759,dog/cat,10M
0,4,-0.0013135607587173581,dog/cat,10M
0,5,-0.0006682747625745833,dog/cat,10M
0,6,-0.0007447356474585831,dog/cat,10M
0,7,-0.002106068655848503,dog/cat,10M
0,8,-0.0007897784234955907,dog/cat,10M
0,9,-0.0006338112289085984,dog/cat,10M
0,10,-0.0016413707053288817,dog/cat,10M
0,11,0.0006443395977839828,dog/cat,10M
1,0,-0.00013535772450268269,dog/cat,10M
1,1,4.201754927635193e-05,dog/cat,10M
1,2,0.002900413703173399,dog/cat,10M
1,3,0.001650183112360537,dog/cat,10M
1,4,0.0012628304539248347,dog/cat,10M
1,5,0.0035048555582761765,dog/cat,10M
1,6,0.0030587806832045317,dog/cat,10M
1,7,-0.011654221452772617,dog/cat,10M
1,8,0.00015059462748467922,dog/cat,10M
1,9,-0.0003749723546206951,dog/cat,10M
1,10,-0.0053492384031414986,dog/cat,10M
1,11,0.002328424248844385,dog/cat,10M
2,0,-0.003812547540292144,dog/cat,10M
2,1,-0.00023835571482777596,dog/cat,10M
2,2,0.0006250168662518263,dog/cat,10M
2,3,0.00018878025002777576,dog/cat,10M
2,4,0.00013531441800296307,dog/cat,10M
2,5,-0.0003059222362935543,dog/cat,10M
2,6,-0.012859046459197998,dog/cat,10M
2,7,-0.004919088911265135,dog/cat,10M
2,8,-0.00904050376266241,dog/cat,10M
2,9,-0.0015674479072913527,dog/cat,10M
2,10,-0.007502649910748005,dog/cat,10M
2,11,-0.0011794917518272996,dog/cat,10M
3,0,0.0031370611395686865,dog/cat,10M
3,1,-0.0009651276050135493,dog/cat,10M
3,2,-0.0027595222927629948,dog/cat,10M
3,3,-0.0008316203020513058,dog/cat,10M
3,4,-0.003948315046727657,dog/cat,10M
3,5,-0.0009825971210375428,dog/cat,10M
3,6,0.0025618181098252535,dog/cat,10M
3,7,0.0030479368288069963,dog/cat,10M
3,8,0.008209314197301865,dog/cat,10M
3,9,-0.002414229093119502,dog/cat,10M
3,10,-0.004858005326241255,dog/cat,10M
3,11,0.002686108462512493,dog/cat,10M
4,0,0.00046856189146637917,dog/cat,10M
4,1,0.0017403487581759691,dog/cat,10M
4,2,-0.0005217371508479118,dog/cat,10M
4,3,-0.0021093913819640875,dog/cat,10M
4,4,0.0001020870404317975,dog/cat,10M
4,5,0.0007654089131392539,dog/cat,10M
4,6,-0.0023140176199376583,dog/cat,10M
4,7,-0.0013705567689612508,dog/cat,10M
4,8,-0.0013042986392974854,dog/cat,10M
4,9,0.0010062037035822868,dog/cat,10M
4,10,-0.0011535577941685915,dog/cat,10M
4,11,-0.0005817625788040459,dog/cat,10M
5,0,0.004564063623547554,dog/cat,10M
5,1,0.0040468499064445496,dog/cat,10M
5,2,0.005922961980104446,dog/cat,10M
5,3,-0.005015355534851551,dog/cat,10M
5,4,0.0011215265840291977,dog/cat,10M
5,5,-0.004064683802425861,dog/cat,10M
5,6,-0.00012082216562703252,dog/cat,10M
5,7,0.0003423704765737057,dog/cat,10M
5,8,0.004523280076682568,dog/cat,10M
5,9,0.0011982056312263012,dog/cat,10M
5,10,0.002081252634525299,dog/cat,10M
5,11,-0.000955297495238483,dog/cat,10M
6,0,0.007337854243814945,dog/cat,10M
6,1,-0.00045468390453606844,dog/cat,10M
6,2,0.0010901137720793486,dog/cat,10M
6,3,0.0005902409320697188,dog/cat,10M
6,4,0.0004010955453850329,dog/cat,10M
6,5,-0.002575207268819213,dog/cat,10M
6,6,-0.0011680619791150093,dog/cat,10M
6,7,-0.004484657198190689,dog/cat,10M
6,8,0.004944424144923687,dog/cat,10M
6,9,0.005794052500277758,dog/cat,10M
6,10,0.004287760239094496,dog/cat,10M
6,11,0.0012397897662594914,dog/cat,10M
7,0,0.0012224315432831645,dog/cat,10M
7,1,0.007384348660707474,dog/cat,10M
7,2,-0.005470188334584236,dog/cat,10M
7,3,0.004851130768656731,dog/cat,10M
7,4,0.005804333835840225,dog/cat,10M
7,5,-0.00492511224001646,dog/cat,10M
7,6,0.001051112194545567,dog/cat,10M
7,7,0.003110224613919854,dog/cat,10M
7,8,-0.002072090283036232,dog/cat,10M
7,9,-0.0033421432599425316,dog/cat,10M
7,10,-0.0009218454943038523,dog/cat,10M
7,11,0.002992378082126379,dog/cat,10M
8,0,-0.004252527840435505,dog/cat,10M
8,1,0.005266118794679642,dog/cat,10M
8,2,-0.0018152393167838454,dog/cat,10M
8,3,0.002805159194394946,dog/cat,10M
8,4,-0.0023843171074986458,dog/cat,10M
8,5,-0.003481178777292371,dog/cat,10M
8,6,-0.0039413729682564735,dog/cat,10M
8,7,0.005289943888783455,dog/cat,10M
8,8,0.0009373969514854252,dog/cat,10M
8,9,0.0040822396986186504,dog/cat,10M
8,10,-0.001113130827434361,dog/cat,10M
8,11,-0.006260136142373085,dog/cat,10M
9,0,0.001137716812081635,dog/cat,10M
9,1,-0.0025046959053725004,dog/cat,10M
9,2,-0.0005706126103177667,dog/cat,10M
9,3,0.0032970572356134653,dog/cat,10M
9,4,-0.0021302737295627594,dog/cat,10M
9,5,0.002941996557638049,dog/cat,10M
9,6,0.00015138089656829834,dog/cat,10M
9,7,0.00225521856918931,dog/cat,10M
9,8,-4.272838123142719e-05,dog/cat,10M
9,9,0.005103162489831448,dog/cat,10M
9,10,-0.003629072103649378,dog/cat,10M
9,11,-0.004302612971514463,dog/cat,10M
10,0,-0.0028202200774103403,dog/cat,10M
10,1,-0.0020699729211628437,dog/cat,10M
10,2,-0.0018776771612465382,dog/cat,10M
10,3,-0.0004214332439005375,dog/cat,10M
10,4,-0.005688639357686043,dog/cat,10M
10,5,-0.008350741118192673,dog/cat,10M
10,6,0.001151846256107092,dog/cat,10M
10,7,0.003304883139207959,dog/cat,10M
10,8,-0.0016123466193675995,dog/cat,10M
10,9,-0.003097869222983718,dog/cat,10M
10,10,0.0008725199149921536,dog/cat,10M
10,11,-0.0011652919929474592,dog/cat,10M
11,0,-0.0026495589409023523,dog/cat,10M
11,1,-0.0027196775190532207,dog/cat,10M
11,2,-0.012629718519747257,dog/cat,10M
11,3,-0.0033262823708355427,dog/cat,10M
11,4,-0.005506767425686121,dog/cat,10M
11,5,-0.003507411340251565,dog/cat,10M
11,6,-0.005797103047370911,dog/cat,10M
11,7,0.0016787938075140119,dog/cat,10M
11,8,-0.0022888747043907642,dog/cat,10M
11,9,0.0018400759436190128,dog/cat,10M
11,10,0.003760169493034482,dog/cat,10M
11,11,-0.005410895217210054,dog/cat,10M
0,0,-0.0004967884160578251,boy/girl,10M
0,1,-0.0007591050234623253,boy/girl,10M
0,2,-0.0012060482986271381,boy/girl,10M
0,3,-0.0010629043681547046,boy/girl,10M
0,4,-0.0005813512252643704,boy/girl,10M
0,5,0.0004419468459673226,boy/girl,10M
0,6,0.00018673055456019938,boy/girl,10M
0,7,0.0002451359760016203,boy/girl,10M
0,8,0.0005133770173415542,boy/girl,10M
0,9,0.001004766090773046,boy/girl,10M
0,10,0.0007292999653145671,boy/girl,10M
0,11,-0.0013706679455935955,boy/girl,10M
1,0,-0.0015467855846509337,boy/girl,10M
1,1,-9.56267467699945e-05,boy/girl,10M
1,2,0.006680373568087816,boy/girl,10M
1,3,-0.0007326502818614244,boy/girl,10M
1,4,0.004880861379206181,boy/girl,10M
1,5,-0.0058362106792628765,boy/girl,10M
1,6,-0.008152246475219727,boy/girl,10M
1,7,0.00016211159527301788,boy/girl,10M
1,8,-0.003912661224603653,boy/girl,10M
1,9,-0.008837234228849411,boy/girl,10M
1,10,0.00222789216786623,boy/girl,10M
1,11,-0.0024588836822658777,boy/girl,10M
2,0,0.0064215208403766155,boy/girl,10M
2,1,0.0035364050418138504,boy/girl,10M
2,2,-0.006314332131296396,boy/girl,10M
2,3,-0.00020686164498329163,boy/girl,10M
2,4,-0.0009227567352354527,boy/girl,10M
2,5,-0.001366751966997981,boy/girl,10M
2,6,0.00045579858124256134,boy/girl,10M
2,7,0.001323140226304531,boy/girl,10M
2,8,-0.0007601036923006177,boy/girl,10M
2,9,-0.0032918774522840977,boy/girl,10M
2,10,0.002790917409583926,boy/girl,10M
2,11,0.002401036908850074,boy/girl,10M
3,0,0.0015832128701731563,boy/girl,10M
3,1,0.0002239494351670146,boy/girl,10M
3,2,0.00015322677791118622,boy/girl,10M
3,3,-0.00509734358638525,boy/girl,10M
3,4,0.002839299850165844,boy/girl,10M
3,5,0.00012560759205371141,boy/girl,10M
3,6,0.0022072317078709602,boy/girl,10M
3,7,8.209398947656155e-05,boy/girl,10M
3,8,0.0039002513512969017,boy/girl,10M
3,9,0.0017968998290598392,boy/girl,10M
3,10,-0.0017985464073717594,boy/girl,10M
3,11,-0.0005085727898404002,boy/girl,10M
4,0,-0.0018303871620446444,boy/girl,10M
4,1,-0.0023788069374859333,boy/girl,10M
4,2,0.007365068420767784,boy/girl,10M
4,3,7.96747044660151e-05,boy/girl,10M
4,4,0.002608796814456582,boy/girl,10M
4,5,0.001685295719653368,boy/girl,10M
4,6,-0.0005940267583355308,boy/girl,10M
4,7,0.005505984183400869,boy/girl,10M
4,8,-0.0021312390454113483,boy/girl,10M
4,9,-0.0013325577601790428,boy/girl,10M
4,10,0.0030284523963928223,boy/girl,10M
4,11,-0.0055603040382266045,boy/girl,10M
5,0,0.00033691793214529753,boy/girl,10M
5,1,-0.004120795521885157,boy/girl,10M
5,2,-0.0036718938499689102,boy/girl,10M
5,3,0.0019618726801127195,boy/girl,10M
5,4,-0.0014946814626455307,boy/girl,10M
5,5,-0.0028217423241585493,boy/girl,10M
5,6,-0.0017054167110472918,boy/girl,10M
5,7,0.001970047364011407,boy/girl,10M
5,8,0.001506081665866077,boy/girl,10M
5,9,0.00500843022018671,boy/girl,10M
5,10,0.0069744642823934555,boy/girl,10M
5,11,-0.0028875283896923065,boy/girl,10M
6,0,-0.0059771412052214146,boy/girl,10M
6,1,-0.003003746038302779,boy/girl,10M
6,2,0.0022639837116003036,boy/girl,10M
6,3,-0.00015641898789908737,boy/girl,10M
6,4,0.0044299038127064705,boy/girl,10M
6,5,0.001079604378901422,boy/girl,10M
6,6,-0.0009650317952036858,boy/girl,10M
6,7,0.0008207788341678679,boy/girl,10M
6,8,-0.0020699226297438145,boy/girl,10M
6,9,0.0009189688134938478,boy/girl,10M
6,10,-0.00418984517455101,boy/girl,10M
6,11,0.00019159168004989624,boy/girl,10M
7,0,-0.0016659575048834085,boy/girl,10M
7,1,0.003271614434197545,boy/girl,10M
7,2,0.001033397507853806,boy/girl,10M
7,3,0.004517790395766497,boy/girl,10M
7,4,-0.0014403634704649448,boy/girl,10M
7,5,-0.0010597435757517815,boy/girl,10M
7,6,0.001830702880397439,boy/girl,10M
7,7,0.0011994002852588892,boy/girl,10M
7,8,-0.0014294765423983335,boy/girl,10M
7,9,0.0004757493734359741,boy/girl,10M
7,10,-0.00033800408709794283,boy/girl,10M
7,11,-0.004910638090223074,boy/girl,10M
8,0,0.0036272872239351273,boy/girl,10M
8,1,0.0006950307870283723,boy/girl,10M
8,2,-0.0010572385508567095,boy/girl,10M
8,3,-0.0044978610239923,boy/girl,10M
8,4,0.0026185736060142517,boy/girl,10M
8,5,0.0013824563939124346,boy/girl,10M
8,6,-0.0011451842729002237,boy/girl,10M
8,7,0.003918692469596863,boy/girl,10M
8,8,0.002006051829084754,boy/girl,10M
8,9,0.003958016633987427,boy/girl,10M
8,10,0.0004719997523352504,boy/girl,10M
8,11,0.005734792910516262,boy/girl,10M
9,0,0.001202988438308239,boy/girl,10M
9,1,-0.0005505768349394202,boy/girl,10M
9,2,-0.0008559948764741421,boy/girl,10M
9,3,0.004637089092284441,boy/girl,10M
9,4,0.006053200922906399,boy/girl,10M
9,5,-2.1700398065149784e-06,boy/girl,10M
9,6,-0.0023286195937544107,boy/girl,10M
9,7,-0.002523559145629406,boy/girl,10M
9,8,0.0027411803603172302,boy/girl,10M
9,9,0.0012669358402490616,boy/girl,10M
9,10,0.0004221061244606972,boy/girl,10M
9,11,-0.0007702655275352299,boy/girl,10M
10,0,-0.0031190551817417145,boy/girl,10M
10,1,-0.0024032839573919773,boy/girl,10M
10,2,-0.0006070759845897555,boy/girl,10M
10,3,0.006321198772639036,boy/girl,10M
10,4,0.0017480154056102037,boy/girl,10M
10,5,-0.0011066319420933723,boy/girl,10M
10,6,1.7015263438224792e-05,boy/girl,10M
10,7,-0.0016524267848581076,boy/girl,10M
10,8,-0.0025853971019387245,boy/girl,10M
10,9,-0.0037388780619949102,boy/girl,10M
10,10,-0.007296866737306118,boy/girl,10M
10,11,0.0025288877077400684,boy/girl,10M
11,0,0.0013687328901141882,boy/girl,10M
11,1,-0.0010797400027513504,boy/girl,10M
11,2,-0.00025247957091778517,boy/girl,10M
11,3,0.0018104808405041695,boy/girl,10M
11,4,-0.002935282653197646,boy/girl,10M
11,5,0.0041594537906348705,boy/girl,10M
11,6,-0.0005821690429002047,boy/girl,10M
11,7,0.008291875943541527,boy/girl,10M
11,8,0.00424458272755146,boy/girl,10M
11,9,0.0019461207557469606,boy/girl,10M
11,10,0.00202403892762959,boy/girl,10M
11,11,-0.0063393618911504745,boy/girl,10M
0,0,-0.0001591114851180464,king/queen,10M
0,1,-0.0007383355405181646,king/queen,10M
0,2,-0.000639179430436343,king/queen,10M
0,3,0.00041123153641819954,king/queen,10M
0,4,0.0005638651782646775,king/queen,10M
0,5,-0.0011025723069906235,king/queen,10M
0,6,-0.0017605703324079514,king/queen,10M
0,7,-0.0006200914504006505,king/queen,10M
0,8,0.000960206612944603,king/queen,10M
0,9,0.00086583336815238,king/queen,10M
0,10,0.0011948293540626764,king/queen,10M
0,11,0.0013186873402446508,king/queen,10M
1,0,0.004522125236690044,king/queen,10M
1,1,0.004924306645989418,king/queen,10M
1,2,0.0027130786329507828,king/queen,10M
1,3,0.00691277626901865,king/queen,10M
1,4,0.0006685527041554451,king/queen,10M
1,5,-0.006621405016630888,king/queen,10M
1,6,-0.0014139886479824781,king/queen,10M
1,7,-0.009279025718569756,king/queen,10M
1,8,0.005934881512075663,king/queen,10M
1,9,0.007178633939474821,king/queen,10M
1,10,0.0029964393470436335,king/queen,10M
1,11,0.007421657908707857,king/queen,10M
2,0,0.0010705054737627506,king/queen,10M
2,1,-0.0014490003231912851,king/queen,10M
2,2,0.007922980934381485,king/queen,10M
2,3,0.006245477125048637,king/queen,10M
2,4,0.006908061448484659,king/queen,10M
2,5,0.0028137655463069677,king/queen,10M
2,6,0.004334568977355957,king/queen,10M
2,7,0.005290662869811058,king/queen,10M
2,8,0.0023512872867286205,king/queen,10M
2,9,0.005222448613494635,king/queen,10M
2,10,0.0028453462291508913,king/queen,10M
2,11,0.0031811269000172615,king/queen,10M
3,0,-0.0020645803306251764,king/queen,10M
3,1,-0.0029661930166184902,king/queen,10M
3,2,-0.001600334420800209,king/queen,10M
3,3,-0.0048879156820476055,king/queen,10M
3,4,0.002706642961129546,king/queen,10M
3,5,-0.0035889027640223503,king/queen,10M
3,6,0.00015045586042106152,king/queen,10M
3,7,-0.0004200905095785856,king/queen,10M
3,8,0.0018384747672826052,king/queen,10M
3,9,-0.0005185410846024752,king/queen,10M
3,10,-0.000680251163430512,king/queen,10M
3,11,0.002166680758818984,king/queen,10M
4,0,0.0021652854047715664,king/queen,10M
4,1,-7.445970550179482e-05,king/queen,10M
4,2,-0.005582070909440517,king/queen,10M
4,3,-0.005542871542274952,king/queen,10M
4,4,-0.0013624131679534912,king/queen,10M
4,5,-0.004694018047302961,king/queen,10M
4,6,0.006568241864442825,king/queen,10M
4,7,-0.0022354573011398315,king/queen,10M
4,8,-0.0013413061387836933,king/queen,10M
4,9,-0.0035422719083726406,king/queen,10M
4,10,0.00512740109115839,king/queen,10M
4,11,-0.001520813792012632,king/queen,10M
5,0,-0.00412901071831584,king/queen,10M
5,1,-0.0042533911764621735,king/queen,10M
5,2,-0.0024887253530323505,king/queen,10M
5,3,0.0013096960028633475,king/queen,10M
5,4,0.002289718249812722,king/queen,10M
5,5,-0.00775690795853734,king/queen,10M
5,6,-0.0003695139894261956,king/queen,10M
5,7,-0.0012055709958076477,king/queen,10M
5,8,0.00021746032871305943,king/queen,10M
5,9,0.0029196920804679394,king/queen,10M
5,10,0.0013903510989621282,king/queen,10M
5,11,0.002601994201540947,king/queen,10M
6,0,0.00408064853399992,king/queen,10M
6,1,-0.002502478426322341,king/queen,10M
6,2,-0.0014646472409367561,king/queen,10M
6,3,0.002669005189090967,king/queen,10M
6,4,-0.0006694328039884567,king/queen,10M
6,5,0.003700524102896452,king/queen,10M
6,6,0.002631991170346737,king/queen,10M
6,7,-0.002622070722281933,king/queen,10M
6,8,-0.002409763867035508,king/queen,10M
6,9,-0.004255394451320171,king/queen,10M
6,10,0.002379042562097311,king/queen,10M
6,11,0.0012731008464470506,king/queen,10M
7,0,0.003395307343453169,king/queen,10M
7,1,-0.009297863580286503,king/queen,10M
7,2,0.0014275307767093182,king/queen,10M
7,3,0.0005689541576430202,king/queen,10M
7,4,-0.012337014079093933,king/queen,10M
7,5,-0.0009204841917380691,king/queen,10M
7,6,0.0038485813420265913,king/queen,10M
7,7,0.002604144159704447,king/queen,10M
7,8,-0.0008143671439029276,king/queen,10M
7,9,0.0015684645622968674,king/queen,10M
7,10,0.0011013722978532314,king/queen,10M
7,11,-0.0028243898414075375,king/queen,10M
8,0,-0.002200551563873887,king/queen,10M
8,1,-0.002333564916625619,king/queen,10M
8,2,-0.0006571600097231567,king/queen,10M
8,3,0.004051515366882086,king/queen,10M
8,4,0.0014463993720710278,king/queen,10M
8,5,-0.0023251771926879883,king/queen,10M
8,6,0.0030497307889163494,king/queen,10M
8,7,-6.969086825847626e-06,king/queen,10M
8,8,0.0008239154703915119,king/queen,10M
8,9,0.0028310499619692564,king/queen,10M
8,10,0.0033455523662269115,king/queen,10M
8,11,-0.0041721295565366745,king/queen,10M
9,0,0.0036372896283864975,king/queen,10M
9,1,-0.004573430400341749,king/queen,10M
9,2,-0.0033294502645730972,king/queen,10M
9,3,-0.0014128503389656544,king/queen,10M
9,4,0.0008082225685939193,king/queen,10M
9,5,-0.005233171861618757,king/queen,10M
9,6,0.00029598583932965994,king/queen,10M
9,7,0.0009058202267624438,king/queen,10M
9,8,0.002404141705483198,king/queen,10M
9,9,0.000922671053558588,king/queen,10M
9,10,-0.00245245941914618,king/queen,10M
9,11,0.0006505202036350965,king/queen,10M
10,0,0.0013957861810922623,king/queen,10M
10,1,0.0023957248777151108,king/queen,10M
10,2,-0.00041120219975709915,king/queen,10M
10,3,-0.0011237836442887783,king/queen,10M
10,4,-0.0022770818322896957,king/queen,10M
10,5,0.003068028250709176,king/queen,10M
10,6,-0.0038571744225919247,king/queen,10M
10,7,-0.00429333932697773,king/queen,10M
10,8,0.0008505366276949644,king/queen,10M
10,9,0.0009557807352393866,king/queen,10M
10,10,0.0013582928804680705,king/queen,10M
10,11,0.0026875606272369623,king/queen,10M
11,0,-0.0017676398856565356,king/queen,10M
11,1,0.0010497459443286061,king/queen,10M
11,2,-0.0032112719491124153,king/queen,10M
11,3,-0.0009800263214856386,king/queen,10M
11,4,-0.0014580446295440197,king/queen,10M
11,5,0.004080350510776043,king/queen,10M
11,6,-0.003624402452260256,king/queen,10M
11,7,0.005935540422797203,king/queen,10M
11,8,-0.0015086971689015627,king/queen,10M
11,9,-0.0027941251173615456,king/queen,10M
11,10,0.001989759039133787,king/queen,10M
11,11,0.000885967630892992,king/queen,10M
0,0,-0.0005116933025419712,man/woman,10M
0,1,0.0011734487488865852,man/woman,10M
0,2,0.000530092278495431,man/woman,10M
0,3,-0.0005719519103877246,man/woman,10M
0,4,0.0013717464171350002,man/woman,10M
0,5,0.00039617158472537994,man/woman,10M
0,6,-0.0029967431910336018,man/woman,10M
0,7,0.0010696242097765207,man/woman,10M
0,8,-8.745072409510612e-05,man/woman,10M
0,9,-0.0008765012607909739,man/woman,10M
0,10,-0.0020563900470733643,man/woman,10M
0,11,-0.0009070798987522721,man/woman,10M
1,0,0.0038462260272353888,man/woman,10M
1,1,-0.0002829967997968197,man/woman,10M
1,2,0.0034835750702768564,man/woman,10M
1,3,0.0074259331449866295,man/woman,10M
1,4,0.003385318908840418,man/woman,10M
1,5,-0.0026296088472008705,man/woman,10M
1,6,0.007118824869394302,man/woman,10M
1,7,0.005830793641507626,man/woman,10M
1,8,0.00857169646769762,man/woman,10M
1,9,0.006690219044685364,man/woman,10M
1,10,-0.0035919384099543095,man/woman,10M
1,11,-0.004479346796870232,man/woman,10M
2,0,-0.0020814246963709593,man/woman,10M
2,1,-0.0013627434382215142,man/woman,10M
2,2,-0.01050934661179781,man/woman,10M
2,3,0.007848250679671764,man/woman,10M
2,4,-0.0014994596131145954,man/woman,10M
2,5,-4.007061943411827e-05,man/woman,10M
2,6,-0.0024414476938545704,man/woman,10M
2,7,0.004848488140851259,man/woman,10M
2,8,0.0006197881884872913,man/woman,10M
2,9,-0.0011899860110133886,man/woman,10M
2,10,-0.0004030257696285844,man/woman,10M
2,11,-8.629169315099716e-06,man/woman,10M
3,0,0.0019173966720700264,man/woman,10M
3,1,-0.0024117722641676664,man/woman,10M
3,2,0.005718689877539873,man/woman,10M
3,3,0.01131924893707037,man/woman,10M
3,4,-0.0011536905076354742,man/woman,10M
3,5,0.0014362938236445189,man/woman,10M
3,6,0.005517526995390654,man/woman,10M
3,7,0.0016894310247153044,man/woman,10M
3,8,-0.004337731283158064,man/woman,10M
3,9,0.0042211683467030525,man/woman,10M
3,10,-0.0006048890063539147,man/woman,10M
3,11,0.002220870926976204,man/woman,10M
4,0,9.818060789257288e-06,man/woman,10M
4,1,0.0019597960636019707,man/woman,10M
4,2,-0.0005539664416573942,man/woman,10M
4,3,-0.0014322707429528236,man/woman,10M
4,4,-0.00012528174556791782,man/woman,10M
4,5,0.00302693503908813,man/woman,10M
4,6,0.0024608494713902473,man/woman,10M
4,7,0.0009267880814149976,man/woman,10M
4,8,0.0014529699692502618,man/woman,10M
4,9,0.0008844125550240278,man/woman,10M
4,10,-0.002410375978797674,man/woman,10M
4,11,-0.0018541791941970587,man/woman,10M
5,0,-0.005515749566257,man/woman,10M
5,1,-0.0003752571064978838,man/woman,10M
5,2,0.00440383143723011,man/woman,10M
5,3,0.0024900813587009907,man/woman,10M
5,4,-0.001276683178730309,man/woman,10M
5,5,0.0028979016933590174,man/woman,10M
5,6,0.0032495716586709023,man/woman,10M
5,7,0.0023160818964242935,man/woman,10M
5,8,0.005469357129186392,man/woman,10M
5,9,0.00011509499745443463,man/woman,10M
5,10,0.0008474322967231274,man/woman,10M
5,11,0.0031845937483012676,man/woman,10M
6,0,0.0012028012424707413,man/woman,10M
6,1,-0.0017622144659981132,man/woman,10M
6,2,0.003927706740796566,man/woman,10M
6,3,-0.0013405443169176579,man/woman,10M
6,4,0.0032392600551247597,man/woman,10M
6,5,0.0028910054825246334,man/woman,10M
6,6,0.0022875803988426924,man/woman,10M
6,7,0.0028440733440220356,man/woman,10M
6,8,0.0036880350671708584,man/woman,10M
6,9,0.0010255191009491682,man/woman,10M
6,10,0.004034292884171009,man/woman,10M
6,11,-0.001870624953880906,man/woman,10M
7,0,-0.004112910944968462,man/woman,10M
7,1,0.0028052558191120625,man/woman,10M
7,2,-0.004077584017068148,man/woman,10M
7,3,0.0008873428450897336,man/woman,10M
7,4,-0.0010759830474853516,man/woman,10M
7,5,-0.008910233154892921,man/woman,10M
7,6,0.005134684965014458,man/woman,10M
7,7,0.0008750672568567097,man/woman,10M
7,8,0.0001650212798267603,man/woman,10M
7,9,0.003237843979150057,man/woman,10M
7,10,-0.005102407652884722,man/woman,10M
7,11,-0.002306651324033737,man/woman,10M
8,0,0.002833233680576086,man/woman,10M
8,1,0.0008178949356079102,man/woman,10M
8,2,-0.000747155281715095,man/woman,10M
8,3,0.00700624193996191,man/woman,10M
8,4,-0.002793045248836279,man/woman,10M
8,5,0.00048741279169917107,man/woman,10M
8,6,0.011673932895064354,man/woman,10M
8,7,0.0014180780854076147,man/woman,10M
8,8,-0.0016709523042663932,man/woman,10M
8,9,-0.002821838017553091,man/woman,10M
8,10,0.0037053085397928953,man/woman,10M
8,11,0.0009485759073868394,man/woman,10M
9,0,0.004494779743254185,man/woman,10M
9,1,0.004044037777930498,man/woman,10M
9,2,0.0034273562487214804,man/woman,10M
9,3,0.00560534093528986,man/woman,10M
9,4,0.002209449652582407,man/woman,10M
9,5,0.007560545112937689,man/woman,10M
9,6,0.006467292085289955,man/woman,10M
9,7,0.005298059433698654,man/woman,10M
9,8,0.002774749416857958,man/woman,10M
9,9,0.005198745988309383,man/woman,10M
9,10,0.004799623973667622,man/woman,10M
9,11,0.005047651473432779,man/woman,10M
10,0,0.006111800204962492,man/woman,10M
10,1,0.009058373048901558,man/woman,10M
10,2,0.005366549827158451,man/woman,10M
10,3,0.004373217932879925,man/woman,10M
10,4,0.002852661069482565,man/woman,10M
10,5,0.0006398342084139585,man/woman,10M
10,6,0.0062818448059260845,man/woman,10M
10,7,0.010144421830773354,man/woman,10M
10,8,0.00020011269953101873,man/woman,10M
10,9,0.004172394517809153,man/woman,10M
10,10,0.0065827141515910625,man/woman,10M
10,11,0.005378976929932833,man/woman,10M
11,0,0.009178292006254196,man/woman,10M
11,1,0.0039716316387057304,man/woman,10M
11,2,0.0011372709413990378,man/woman,10M
11,3,0.004318770952522755,man/woman,10M
11,4,0.010185077786445618,man/woman,10M
11,5,0.003449852578341961,man/woman,10M
11,6,0.00743274949491024,man/woman,10M
11,7,0.005737599451094866,man/woman,10M
11,8,0.003858326468616724,man/woman,10M
11,9,0.01032459456473589,man/woman,10M
11,10,0.005710666999220848,man/woman,10M
11,11,-0.0038116970099508762,man/woman,10M
0,0,-0.0023644715547561646,dog/cat,50M
0,1,0.0014929777244105935,dog/cat,50M
0,2,-0.005716988816857338,dog/cat,50M
0,3,-0.0005175870028324425,dog/cat,50M
0,4,-0.004090518690645695,dog/cat,50M
0,5,-0.00955708883702755,dog/cat,50M
0,6,-0.0015599174657836556,dog/cat,50M
0,7,-0.002407253021374345,dog/cat,50M
0,8,-0.003235704731196165,dog/cat,50M
0,9,-0.0005102025461383164,dog/cat,50M
0,10,-0.003912249114364386,dog/cat,50M
0,11,-0.004806093871593475,dog/cat,50M
1,0,0.00364741962403059,dog/cat,50M
1,1,-0.017104167491197586,dog/cat,50M
1,2,0.0017392763402312994,dog/cat,50M
1,3,0.005738112144172192,dog/cat,50M
1,4,0.009678643196821213,dog/cat,50M
1,5,0.0007933713495731354,dog/cat,50M
1,6,-0.009007740765810013,dog/cat,50M
1,7,0.004958189558237791,dog/cat,50M
1,8,0.03446346893906593,dog/cat,50M
1,9,0.009237938560545444,dog/cat,50M
1,10,-0.010203903540968895,dog/cat,50M
1,11,0.021884195506572723,dog/cat,50M
2,0,0.015146276913583279,dog/cat,50M
2,1,0.023032207041978836,dog/cat,50M
2,2,0.014157386496663094,dog/cat,50M
2,3,0.01542181707918644,dog/cat,50M
2,4,0.011700969189405441,dog/cat,50M
2,5,0.007636867929250002,dog/cat,50M
2,6,0.015132836066186428,dog/cat,50M
2,7,-0.02145947888493538,dog/cat,50M
2,8,0.008096454665064812,dog/cat,50M
2,9,0.01049375906586647,dog/cat,50M
2,10,-0.034040771424770355,dog/cat,50M
2,11,0.017996594309806824,dog/cat,50M
3,0,0.011980373412370682,dog/cat,50M
3,1,0.00874403491616249,dog/cat,50M
3,2,-0.010858776047825813,dog/cat,50M
3,3,-0.006330890581011772,dog/cat,50M
3,4,-0.005198290571570396,dog/cat,50M
3,5,0.0064899493008852005,dog/cat,50M
3,6,0.0071427770890295506,dog/cat,50M
3,7,0.016165753826498985,dog/cat,50M
3,8,0.0069632139056921005,dog/cat,50M
3,9,-0.014738027937710285,dog/cat,50M
3,10,0.022160228341817856,dog/cat,50M
3,11,0.00431132223457098,dog/cat,50M
4,0,-0.004230475053191185,dog/cat,50M
4,1,0.010172901675105095,dog/cat,50M
4,2,0.010135522112250328,dog/cat,50M
4,3,0.004683079198002815,dog/cat,50M
4,4,0.006858603097498417,dog/cat,50M
4,5,-0.011347838677465916,dog/cat,50M
4,6,0.012653104960918427,dog/cat,50M
4,7,-0.003986547701060772,dog/cat,50M
4,8,0.005580882541835308,dog/cat,50M
4,9,0.02004668489098549,dog/cat,50M
4,10,-0.008065193891525269,dog/cat,50M
4,11,-0.020174404606223106,dog/cat,50M
5,0,-0.014206947758793831,dog/cat,50M
5,1,-0.005313366651535034,dog/cat,50M
5,2,0.00027138274163007736,dog/cat,50M
5,3,0.0006191851571202278,dog/cat,50M
5,4,-0.0023857131600379944,dog/cat,50M
5,5,0.011313650757074356,dog/cat,50M
5,6,0.0011011343449354172,dog/cat,50M
5,7,0.005629188381135464,dog/cat,50M
5,8,-0.015973811969161034,dog/cat,50M
5,9,0.013544714078307152,dog/cat,50M
5,10,0.015933938324451447,dog/cat,50M
5,11,0.011834456585347652,dog/cat,50M
6,0,0.08790512382984161,dog/cat,50M
6,1,0.010209180414676666,dog/cat,50M
6,2,-0.03400608152151108,dog/cat,50M
6,3,0.0008966950699687004,dog/cat,50M
6,4,-0.014290990307927132,dog/cat,50M
6,5,-0.008584987372159958,dog/cat,50M
6,6,-0.023755993694067,dog/cat,50M
6,7,0.002737388014793396,dog/cat,50M
6,8,-0.014928496442735195,dog/cat,50M
6,9,-0.004923379980027676,dog/cat,50M
6,10,-0.016349460929632187,dog/cat,50M
6,11,0.018733877688646317,dog/cat,50M
7,0,-0.013476376421749592,dog/cat,50M
7,1,0.011298015713691711,dog/cat,50M
7,2,-0.017918428406119347,dog/cat,50M
7,3,-0.05178971216082573,dog/cat,50M
7,4,-0.0042542824521660805,dog/cat,50M
7,5,0.005396106746047735,dog/cat,50M
7,6,-0.01627494767308235,dog/cat,50M
7,7,-0.018871575593948364,dog/cat,50M
7,8,-0.0013462186325341463,dog/cat,50M
7,9,-0.01272764801979065,dog/cat,50M
7,10,-0.002251438330858946,dog/cat,50M
7,11,0.01097173523157835,dog/cat,50M
8,0,-0.0024289675056934357,dog/cat,50M
8,1,-0.0002484770957380533,dog/cat,50M
8,2,-0.028478998690843582,dog/cat,50M
8,3,0.0018652400467544794,dog/cat,50M
8,4,-0.01837739534676075,dog/cat,50M
8,5,-0.004940429702401161,dog/cat,50M
8,6,-0.009576178155839443,dog/cat,50M
8,7,-0.016783738508820534,dog/cat,50M
8,8,-0.0185648612678051,dog/cat,50M
8,9,0.03423658758401871,dog/cat,50M
8,10,0.002747408114373684,dog/cat,50M
8,11,-0.004407851025462151,dog/cat,50M
9,0,0.0067817047238349915,dog/cat,50M
9,1,-0.0034341150894761086,dog/cat,50M
9,2,-0.005636528134346008,dog/cat,50M
9,3,0.019592998549342155,dog/cat,50M
9,4,0.00037844618782401085,dog/cat,50M
9,5,0.0077300709672272205,dog/cat,50M
9,6,-0.03779201954603195,dog/cat,50M
9,7,0.013003924861550331,dog/cat,50M
9,8,0.005155592691153288,dog/cat,50M
9,9,-0.010183020494878292,dog/cat,50M
9,10,0.011063475161790848,dog/cat,50M
9,11,-0.0536002479493618,dog/cat,50M
10,0,-0.007538411766290665,dog/cat,50M
10,1,0.009548740461468697,dog/cat,50M
10,2,-0.005007847212255001,dog/cat,50M
10,3,-0.027875836938619614,dog/cat,50M
10,4,0.011381127871572971,dog/cat,50M
10,5,-0.02308519184589386,dog/cat,50M
10,6,-0.01237775944173336,dog/cat,50M
10,7,-0.010747815482318401,dog/cat,50M
10,8,0.007112488150596619,dog/cat,50M
10,9,-0.004101752303540707,dog/cat,50M
10,10,-0.0007758408319205046,dog/cat,50M
10,11,-0.013166721910238266,dog/cat,50M
11,0,0.012560321018099785,dog/cat,50M
11,1,-0.015038726851344109,dog/cat,50M
11,2,-0.013001697137951851,dog/cat,50M
11,3,0.015574809163808823,dog/cat,50M
11,4,0.00899338535964489,dog/cat,50M
11,5,-0.00012303190305829048,dog/cat,50M
11,6,0.01941751316189766,dog/cat,50M
11,7,0.0014163278974592686,dog/cat,50M
11,8,0.005115864798426628,dog/cat,50M
11,9,0.01230851374566555,dog/cat,50M
11,10,-0.010377148166298866,dog/cat,50M
11,11,-0.014446510002017021,dog/cat,50M
0,0,0.0006555545260198414,boy/girl,50M
0,1,-0.0024453122168779373,boy/girl,50M
0,2,0.0019956137984991074,boy/girl,50M
0,3,0.002160822506994009,boy/girl,50M
0,4,0.0004904506495222449,boy/girl,50M
0,5,0.0067666880786418915,boy/girl,50M
0,6,-0.0018383471760898829,boy/girl,50M
0,7,0.0024508622009307146,boy/girl,50M
0,8,0.0004048696719110012,boy/girl,50M
0,9,0.0017605514731258154,boy/girl,50M
0,10,0.0004938817583024502,boy/girl,50M
0,11,0.0013376805000007153,boy/girl,50M
1,0,-0.013309501111507416,boy/girl,50M
1,1,0.0024963635951280594,boy/girl,50M
1,2,0.01444679033011198,boy/girl,50M
1,3,-0.022021804004907608,boy/girl,50M
1,4,0.0020329905673861504,boy/girl,50M
1,5,0.016018401831388474,boy/girl,50M
1,6,-0.01101934164762497,boy/girl,50M
1,7,0.014507152140140533,boy/girl,50M
1,8,-0.01125126238912344,boy/girl,50M
1,9,-0.005651206709444523,boy/girl,50M
1,10,0.00995788723230362,boy/girl,50M
1,11,0.005037868395447731,boy/girl,50M
2,0,0.009367264807224274,boy/girl,50M
2,1,0.01735633984208107,boy/girl,50M
2,2,0.0035638243425637484,boy/girl,50M
2,3,-0.013031893409788609,boy/girl,50M
2,4,-0.01949402689933777,boy/girl,50M
2,5,0.00032922765240073204,boy/girl,50M
2,6,-0.008481044322252274,boy/girl,50M
2,7,0.01636282168328762,boy/girl,50M
2,8,-0.00015563704073429108,boy/girl,50M
2,9,-0.011825654655694962,boy/girl,50M
2,10,0.010380496270954609,boy/girl,50M
2,11,-0.008329999633133411,boy/girl,50M
3,0,-0.014442842453718185,boy/girl,50M
3,1,0.008264657109975815,boy/girl,50M
3,2,0.03122979775071144,boy/girl,50M
3,3,-0.0010882033966481686,boy/girl,50M
3,4,-0.01353788934648037,boy/girl,50M
3,5,-0.005492751486599445,boy/girl,50M
3,6,-0.020223340019583702,boy/girl,50M
3,7,-0.00458204559981823,boy/girl,50M
3,8,0.004581707064062357,boy/girl,50M
3,9,0.027593590319156647,boy/girl,50M
3,10,-0.011440154165029526,boy/girl,50M
3,11,-0.008430344983935356,boy/girl,50M
4,0,-0.00867789052426815,boy/girl,50M
4,1,-0.007162559777498245,boy/girl,50M
4,2,0.0005915231886319816,boy/girl,50M
4,3,0.007750535849481821,boy/girl,50M
4,4,0.009405070915818214,boy/girl,50M
4,5,0.012160977348685265,boy/girl,50M
4,6,-0.007869843393564224,boy/girl,50M
4,7,-0.014464021660387516,boy/girl,50M
4,8,0.01236160658299923,boy/girl,50M
4,9,-0.00425691669806838,boy/girl,50M
4,10,-0.007928304374217987,boy/girl,50M
4,11,0.006209391634911299,boy/girl,50M
5,0,0.03661848604679108,boy/girl,50M
5,1,0.00527942692860961,boy/girl,50M
5,2,-0.023760031908750534,boy/girl,50M
5,3,0.018234800547361374,boy/girl,50M
5,4,0.005768374539911747,boy/girl,50M
5,5,0.00457472400739789,boy/girl,50M
5,6,-0.005596408620476723,boy/girl,50M
5,7,-0.009073980152606964,boy/girl,50M
5,8,-0.018598467111587524,boy/girl,50M
5,9,-4.3159350752830505e-05,boy/girl,50M
5,10,-0.008534768596291542,boy/girl,50M
5,11,-0.0005740886554121971,boy/girl,50M
6,0,-0.01900085061788559,boy/girl,50M
6,1,-0.018191659823060036,boy/girl,50M
6,2,0.024324879050254822,boy/girl,50M
6,3,-0.0023934899363666773,boy/girl,50M
6,4,0.0050272103399038315,boy/girl,50M
6,5,0.0008537028916180134,boy/girl,50M
6,6,0.00420557614415884,boy/girl,50M
6,7,0.04361588507890701,boy/girl,50M
6,8,0.0011215857230126858,boy/girl,50M
6,9,-0.006734552793204784,boy/girl,50M
6,10,0.0023064380511641502,boy/girl,50M
6,11,0.01225101388990879,boy/girl,50M
7,0,0.011370864696800709,boy/girl,50M
7,1,0.044610075652599335,boy/girl,50M
7,2,0.001628685393370688,boy/girl,50M
7,3,-0.014830001629889011,boy/girl,50M
7,4,-0.00806384440511465,boy/girl,50M
7,5,-0.0018973266705870628,boy/girl,50M
7,6,-0.00048105791211128235,boy/girl,50M
7,7,0.04997331276535988,boy/girl,50M
7,8,-0.002815079176798463,boy/girl,50M
7,9,0.005398849491029978,boy/girl,50M
7,10,-0.002929988782852888,boy/girl,50M
7,11,0.0019142359960824251,boy/girl,50M
8,0,-0.007213694509118795,boy/girl,50M
8,1,0.018418656662106514,boy/girl,50M
8,2,0.02005717158317566,boy/girl,50M
8,3,0.002917332574725151,boy/girl,50M
8,4,-0.008075129240751266,boy/girl,50M
8,5,-0.0007913012523204088,boy/girl,50M
8,6,0.015913065522909164,boy/girl,50M
8,7,0.022329702973365784,boy/girl,50M
8,8,0.010447083041071892,boy/girl,50M
8,9,-0.0048539345152676105,boy/girl,50M
8,10,0.004426251165568829,boy/girl,50M
8,11,-0.005682365037500858,boy/girl,50M
9,0,-0.005035612732172012,boy/girl,50M
9,1,-0.004858121275901794,boy/girl,50M
9,2,-0.003369665239006281,boy/girl,50M
9,3,-0.001011135522276163,boy/girl,50M
9,4,0.014501448720693588,boy/girl,50M
9,5,-0.031746577471494675,boy/girl,50M
9,6,0.012389715760946274,boy/girl,50M
9,7,-0.0007019229233264923,boy/girl,50M
9,8,0.0011015115305781364,boy/girl,50M
9,9,-0.001262147445231676,boy/girl,50M
9,10,0.0035858075134456158,boy/girl,50M
9,11,-0.00489317812025547,boy/girl,50M
10,0,0.0044939774088561535,boy/girl,50M
10,1,-0.014982493594288826,boy/girl,50M
10,2,-0.0009397328831255436,boy/girl,50M
10,3,0.04305567592382431,boy/girl,50M
10,4,-0.009744406677782536,boy/girl,50M
10,5,0.0007157064974308014,boy/girl,50M
10,6,0.00855323113501072,boy/girl,50M
10,7,-0.006785976700484753,boy/girl,50M
10,8,-0.0036372984759509563,boy/girl,50M
10,9,-0.005037962459027767,boy/girl,50M
10,10,-0.029102221131324768,boy/girl,50M
10,11,0.01206930261105299,boy/girl,50M
11,0,-0.015579238533973694,boy/girl,50M
11,1,0.013300039805471897,boy/girl,50M
11,2,0.0046716658398509026,boy/girl,50M
11,3,-0.005269019398838282,boy/girl,50M
11,4,0.003994317725300789,boy/girl,50M
11,5,-0.015957582741975784,boy/girl,50M
11,6,0.004209008999168873,boy/girl,50M
11,7,0.03484064340591431,boy/girl,50M
11,8,-0.0053850021213293076,boy/girl,50M
11,9,0.017340533435344696,boy/girl,50M
11,10,0.0019971546716988087,boy/girl,50M
11,11,0.005569434724748135,boy/girl,50M
0,0,0.0011864346452057362,king/queen,50M
0,1,0.002556313294917345,king/queen,50M
0,2,-0.005012729205191135,king/queen,50M
0,3,0.00618214625865221,king/queen,50M
0,4,0.0030629425309598446,king/queen,50M
0,5,0.005596833769232035,king/queen,50M
0,6,-0.001851727720350027,king/queen,50M
0,7,0.004031632095575333,king/queen,50M
0,8,0.0026771058328449726,king/queen,50M
0,9,-0.001589887891896069,king/queen,50M
0,10,0.0025162198580801487,king/queen,50M
0,11,-0.002201555762439966,king/queen,50M
1,0,0.0016296659596264362,king/queen,50M
1,1,-0.002163872355595231,king/queen,50M
1,2,0.009141416288912296,king/queen,50M
1,3,0.008793406188488007,king/queen,50M
1,4,-0.0017501534894108772,king/queen,50M
1,5,-0.013248568400740623,king/queen,50M
1,6,-0.01369774341583252,king/queen,50M
1,7,-0.003315239679068327,king/queen,50M
1,8,-0.01411602832376957,king/queen,50M
1,9,-0.021376796066761017,king/queen,50M
1,10,0.003352324478328228,king/queen,50M
1,11,-0.005826413631439209,king/queen,50M
2,0,0.011792981997132301,king/queen,50M
2,1,-0.0037708699237555265,king/queen,50M
2,2,-0.0082135871052742,king/queen,50M
2,3,0.012469482608139515,king/queen,50M
2,4,-0.005504698492586613,king/queen,50M
2,5,-0.00698868278414011,king/queen,50M
2,6,0.000955436727963388,king/queen,50M
2,7,-0.008430877700448036,king/queen,50M
2,8,-0.0150945158675313,king/queen,50M
2,9,0.009852686896920204,king/queen,50M
2,10,0.005115970969200134,king/queen,50M
2,11,-0.012053526937961578,king/queen,50M
3,0,-0.008480704389512539,king/queen,50M
3,1,0.044561587274074554,king/queen,50M
3,2,0.004798881243914366,king/queen,50M
3,3,0.02301393449306488,king/queen,50M
3,4,-0.00895398948341608,king/queen,50M
3,5,-0.003917999565601349,king/queen,50M
3,6,0.02226092293858528,king/queen,50M
3,7,0.006856778636574745,king/queen,50M
3,8,0.013992421329021454,king/queen,50M
3,9,0.03195546939969063,king/queen,50M
3,10,-0.001088242046535015,king/queen,50M
3,11,0.016782330349087715,king/queen,50M
4,0,-0.010410808958113194,king/queen,50M
4,1,-0.016844920814037323,king/queen,50M
4,2,-0.00630300585180521,king/queen,50M
4,3,-0.0037172026932239532,king/queen,50M
4,4,0.003587092040106654,king/queen,50M
4,5,0.0007584146223962307,king/queen,50M
4,6,-0.0027009674813598394,king/queen,50M
4,7,0.010671984404325485,king/queen,50M
4,8,0.0057458421215415,king/queen,50M
4,9,-0.00934695266187191,king/queen,50M
4,10,0.008497940376400948,king/queen,50M
4,11,0.0052441940642893314,king/queen,50M
5,0,-0.003499729558825493,king/queen,50M
5,1,0.0410379059612751,king/queen,50M
5,2,-0.006404681131243706,king/queen,50M
5,3,-0.0339934341609478,king/queen,50M
5,4,0.028285834938287735,king/queen,50M
5,5,0.012691223993897438,king/queen,50M
5,6,-0.014158589765429497,king/queen,50M
5,7,-0.014220955781638622,king/queen,50M
5,8,0.007964038290083408,king/queen,50M
5,9,-0.0017228201031684875,king/queen,50M
5,10,-0.010541117750108242,king/queen,50M
5,11,0.011364935897290707,king/queen,50M
6,0,0.06951790302991867,king/queen,50M
6,1,-0.012579377740621567,king/queen,50M
6,2,0.025106683373451233,king/queen,50M
6,3,0.006973733194172382,king/queen,50M
6,4,-0.008940146304666996,king/queen,50M
6,5,0.0194097887724638,king/queen,50M
6,6,0.018887560814619064,king/queen,50M
6,7,-0.007179120555520058,king/queen,50M
6,8,0.00965399295091629,king/queen,50M
6,9,0.0065453387796878815,king/queen,50M
6,10,-0.0061159925535321236,king/queen,50M
6,11,0.0237892996519804,king/queen,50M
7,0,0.017756706103682518,king/queen,50M
7,1,-0.028959443792700768,king/queen,50M
7,2,-0.0034954752773046494,king/queen,50M
7,3,0.04083215817809105,king/queen,50M
7,4,0.011716177687048912,king/queen,50M
7,5,-0.0011915117502212524,king/queen,50M
7,6,-0.0063608367927372456,king/queen,50M
7,7,0.016569864004850388,king/queen,50M
7,8,0.00568693783134222,king/queen,50M
7,9,0.015610882081091404,king/queen,50M
7,10,0.006250966340303421,king/queen,50M
7,11,0.0009266659617424011,king/queen,50M
8,0,0.005995201878249645,king/queen,50M
8,1,-0.0029774485155940056,king/queen,50M
8,2,0.06423303484916687,king/queen,50M
8,3,-0.001988212577998638,king/queen,50M
8,4,-0.03490995615720749,king/queen,50M
8,5,0.01328087318688631,king/queen,50M
8,6,0.02498888224363327,king/queen,50M
8,7,-0.005743234418332577,king/queen,50M
8,8,0.02591395191848278,king/queen,50M
8,9,-0.010290855541825294,king/queen,50M
8,10,-0.02040560357272625,king/queen,50M
8,11,0.022350262850522995,king/queen,50M
9,0,-0.008596931584179401,king/queen,50M
9,1,0.006385622546076775,king/queen,50M
9,2,0.007011728826910257,king/queen,50M
9,3,-0.0322769358754158,king/queen,50M
9,4,-0.00531312171369791,king/queen,50M
9,5,0.008143115788698196,king/queen,50M
9,6,-0.005146917421370745,king/queen,50M
9,7,-0.02580834925174713,king/queen,50M
9,8,0.00808606669306755,king/queen,50M
9,9,-0.01741182804107666,king/queen,50M
9,10,0.00045823887921869755,king/queen,50M
9,11,-0.05527244508266449,king/queen,50M
10,0,0.003601670265197754,king/queen,50M
10,1,-0.007076216861605644,king/queen,50M
10,2,-0.02600022219121456,king/queen,50M
10,3,0.035663213580846786,king/queen,50M
10,4,-0.011625055223703384,king/queen,50M
10,5,-0.026852112263441086,king/queen,50M
10,6,0.011130749247968197,king/queen,50M
10,7,-0.005937385838478804,king/queen,50M
10,8,-0.0017503988929092884,king/queen,50M
10,9,0.007914482615888119,king/queen,50M
10,10,-0.009566247463226318,king/queen,50M
10,11,-0.02505626156926155,king/queen,50M
11,0,-0.025406353175640106,king/queen,50M
11,1,0.02651675045490265,king/queen,50M
11,2,-0.008203193545341492,king/queen,50M
11,3,0.015441510826349258,king/queen,50M
11,4,-0.005272192880511284,king/queen,50M
11,5,-0.0017495937645435333,king/queen,50M
11,6,-0.0014059017412364483,king/queen,50M
11,7,0.03609030693769455,king/queen,50M
11,8,0.013235488906502724,king/queen,50M
11,9,0.012470578774809837,king/queen,50M
11,10,-0.009419171139597893,king/queen,50M
11,11,0.023347843438386917,king/queen,50M
0,0,-0.0013459277106449008,man/woman,50M
0,1,-0.0016046705422922969,man/woman,50M
0,2,-0.02034810557961464,man/woman,50M
0,3,0.003645433811470866,man/woman,50M
0,4,0.0015977066941559315,man/woman,50M
0,5,-0.00409714225679636,man/woman,50M
0,6,0.00044036281178705394,man/woman,50M
0,7,0.002023132983595133,man/woman,50M
0,8,-0.002415861701592803,man/woman,50M
0,9,-0.002762013580650091,man/woman,50M
0,10,-0.0014287754893302917,man/woman,50M
0,11,-0.005534179508686066,man/woman,50M
1,0,-0.011653020977973938,man/woman,50M
1,1,0.004244048148393631,man/woman,50M
1,2,0.005329888314008713,man/woman,50M
1,3,0.026752609759569168,man/woman,50M
1,4,0.0034014235716313124,man/woman,50M
1,5,-0.006910569034516811,man/woman,50M
1,6,0.007294763345271349,man/woman,50M
1,7,-0.01004303339868784,man/woman,50M
1,8,-0.0017738190945237875,man/woman,50M
1,9,0.036671943962574005,man/woman,50M
1,10,0.007481614127755165,man/woman,50M
1,11,-0.001401413232088089,man/woman,50M
2,0,0.01946296915411949,man/woman,50M
2,1,-0.01395605318248272,man/woman,50M
2,2,0.002431081607937813,man/woman,50M
2,3,0.016158172860741615,man/woman,50M
2,4,-0.02903439849615097,man/woman,50M
2,5,0.0024168165400624275,man/woman,50M
2,6,0.01681777648627758,man/woman,50M
2,7,0.010311882011592388,man/woman,50M
2,8,-0.0009268722496926785,man/woman,50M
2,9,0.001725924201309681,man/woman,50M
2,10,0.0035996343940496445,man/woman,50M
2,11,-0.006711290683597326,man/woman,50M
3,0,-0.014070574194192886,man/woman,50M
3,1,-0.03241647034883499,man/woman,50M
3,2,-0.0072599188424646854,man/woman,50M
3,3,0.013140935450792313,man/woman,50M
3,4,0.007542163133621216,man/woman,50M
3,5,-0.0016198856756091118,man/woman,50M
3,6,0.0054114805534482,man/woman,50M
3,7,0.007871540263295174,man/woman,50M
3,8,-0.013092597015202045,man/woman,50M
3,9,0.022602638229727745,man/woman,50M
3,10,-0.008277811110019684,man/woman,50M
3,11,-0.03787572681903839,man/woman,50M
4,0,0.010500779375433922,man/woman,50M
4,1,0.004892237484455109,man/woman,50M
4,2,0.001832542009651661,man/woman,50M
4,3,0.005140485242009163,man/woman,50M
4,4,-0.0006955722346901894,man/woman,50M
4,5,-0.007985811680555344,man/woman,50M
4,6,-0.003501846455037594,man/woman,50M
4,7,0.005731046199798584,man/woman,50M
4,8,0.012306150048971176,man/woman,50M
4,9,0.006391523405909538,man/woman,50M
4,10,-0.003270830260589719,man/woman,50M
4,11,0.015005026012659073,man/woman,50M
5,0,-0.017660560086369514,man/woman,50M
5,1,0.022283906117081642,man/woman,50M
5,2,0.009452078491449356,man/woman,50M
5,3,-0.03849460929632187,man/woman,50M
5,4,0.01122908852994442,man/woman,50M
5,5,0.002228282392024994,man/woman,50M
5,6,-0.0016669933684170246,man/woman,50M
5,7,0.0009231459116563201,man/woman,50M
5,8,-0.01662946678698063,man/woman,50M
5,9,-0.01027748454362154,man/woman,50M
5,10,0.024930456653237343,man/woman,50M
5,11,-0.004936704412102699,man/woman,50M
6,0,-0.032155394554138184,man/woman,50M
6,1,0.012856688350439072,man/woman,50M
6,2,0.041844308376312256,man/woman,50M
6,3,-0.002929309383034706,man/woman,50M
6,4,-0.010385362431406975,man/woman,50M
6,5,0.0025117872282862663,man/woman,50M
6,6,0.022435124963521957,man/woman,50M
6,7,0.004340178333222866,man/woman,50M
6,8,-0.0011217966675758362,man/woman,50M
6,9,0.008768649771809578,man/woman,50M
6,10,0.007821652106940746,man/woman,50M
6,11,0.01226787269115448,man/woman,50M
7,0,-0.003356107510626316,man/woman,50M
7,1,0.02332485094666481,man/woman,50M
7,2,0.011251088231801987,man/woman,50M
7,3,-0.03122309409081936,man/woman,50M
7,4,-0.025313884019851685,man/woman,50M
7,5,0.0059706345200538635,man/woman,50M
7,6,0.005037553608417511,man/woman,50M
7,7,0.002476443536579609,man/woman,50M
7,8,-0.07975488156080246,man/woman,50M
7,9,0.006071660667657852,man/woman,50M
7,10,-0.005242611281573772,man/woman,50M
7,11,-0.03126724064350128,man/woman,50M
8,0,0.00951177068054676,man/woman,50M
8,1,0.010976790450513363,man/woman,50M
8,2,-0.047514408826828,man/woman,50M
8,3,0.01900351792573929,man/woman,50M
8,4,-0.07787701487541199,man/woman,50M
8,5,0.0044866143725812435,man/woman,50M
8,6,0.013675672933459282,man/woman,50M
8,7,-0.0017295689322054386,man/woman,50M
8,8,0.0003449898213148117,man/woman,50M
8,9,-0.024784507229924202,man/woman,50M
8,10,-0.0061089638620615005,man/woman,50M
8,11,0.034434303641319275,man/woman,50M
9,0,0.005589931271970272,man/woman,50M
9,1,0.0030125740449875593,man/woman,50M
9,2,-0.006128383334726095,man/woman,50M
9,3,-0.0051800841465592384,man/woman,50M
9,4,-0.04175645858049393,man/woman,50M
9,5,0.04798266664147377,man/woman,50M
9,6,-0.0005324287340044975,man/woman,50M
9,7,-0.0010442370548844337,man/woman,50M
9,8,0.02004537358880043,man/woman,50M
9,9,0.0004078606143593788,man/woman,50M
9,10,-0.004586249589920044,man/woman,50M
9,11,0.021636802703142166,man/woman,50M
10,0,0.009735887870192528,man/woman,50M
10,1,0.024398885667324066,man/woman,50M
10,2,-0.03603971004486084,man/woman,50M
10,3,-0.004748862236738205,man/woman,50M
10,4,0.007415730506181717,man/woman,50M
10,5,-0.1152905747294426,man/woman,50M
10,6,0.018095150589942932,man/woman,50M
10,7,0.012057759799063206,man/woman,50M
10,8,-0.0002160563599318266,man/woman,50M
10,9,-0.012562097050249577,man/woman,50M
10,10,0.017244108021259308,man/woman,50M
10,11,0.0063343532383441925,man/woman,50M
11,0,-0.026724720373749733,man/woman,50M
11,1,0.0331939235329628,man/woman,50M
11,2,0.003599409246817231,man/woman,50M
11,3,-0.015520084649324417,man/woman,50M
11,4,0.0008266894146800041,man/woman,50M
11,5,0.017347870394587517,man/woman,50M
11,6,0.04823235049843788,man/woman,50M
11,7,0.012244610115885735,man/woman,50M
11,8,0.016180913895368576,man/woman,50M
11,9,0.0011128215119242668,man/woman,50M
11,10,-0.0025880085304379463,man/woman,50M
11,11,-0.006696645636111498,man/woman,50M
0,0,-0.0023699679877609015,dog/cat,200M
0,1,-0.0045008412562310696,dog/cat,200M
0,2,-0.0038379463367164135,dog/cat,200M
0,3,-0.011229455471038818,dog/cat,200M
0,4,-0.002632033545523882,dog/cat,200M
0,5,0.0027284370735287666,dog/cat,200M
0,6,0.00763273611664772,dog/cat,200M
0,7,-0.0005593330133706331,dog/cat,200M
0,8,-0.004826072137802839,dog/cat,200M
0,9,-0.00435557309538126,dog/cat,200M
0,10,-0.001812077360227704,dog/cat,200M
0,11,0.00017987051978707314,dog/cat,200M
1,0,-0.0038919849321246147,dog/cat,200M
1,1,-0.007376033812761307,dog/cat,200M
1,2,0.0012201062636449933,dog/cat,200M
1,3,0.021177534013986588,dog/cat,200M
1,4,-0.03038996458053589,dog/cat,200M
1,5,-0.0009622350335121155,dog/cat,200M
1,6,0.0016691512428224087,dog/cat,200M
1,7,-0.0064048171043396,dog/cat,200M
1,8,0.005946023389697075,dog/cat,200M
1,9,-0.006647351197898388,dog/cat,200M
1,10,-0.010967175476253033,dog/cat,200M
1,11,0.029643060639500618,dog/cat,200M
2,0,0.005961949937045574,dog/cat,200M
2,1,-0.004545615985989571,dog/cat,200M
2,2,-0.009181424975395203,dog/cat,200M
2,3,-0.007117672823369503,dog/cat,200M
2,4,-0.004881842061877251,dog/cat,200M
2,5,0.01804869808256626,dog/cat,200M
2,6,0.029437489807605743,dog/cat,200M
2,7,-0.026220183819532394,dog/cat,200M
2,8,-0.024693578481674194,dog/cat,200M
2,9,0.016698414459824562,dog/cat,200M
2,10,-0.028823113068938255,dog/cat,200M
2,11,-0.01461215689778328,dog/cat,200M
3,0,-0.005830687470734119,dog/cat,200M
3,1,0.004889756441116333,dog/cat,200M
3,2,-0.010721424594521523,dog/cat,200M
3,3,0.016666630282998085,dog/cat,200M
3,4,0.002666525775566697,dog/cat,200M
3,5,-0.016621649265289307,dog/cat,200M
3,6,-0.008908890187740326,dog/cat,200M
3,7,0.0023376229219138622,dog/cat,200M
3,8,0.01589682325720787,dog/cat,200M
3,9,0.009819723665714264,dog/cat,200M
3,10,-0.0012209638953208923,dog/cat,200M
3,11,-0.014860844239592552,dog/cat,200M
4,0,-0.008080917410552502,dog/cat,200M
4,1,0.0027673118747770786,dog/cat,200M
4,2,-0.10762406885623932,dog/cat,200M
4,3,0.013303092680871487,dog/cat,200M
4,4,0.000953376293182373,dog/cat,200M
4,5,0.0001926971599459648,dog/cat,200M
4,6,-0.06233998388051987,dog/cat,200M
4,7,0.0029966747388243675,dog/cat,200M
4,8,0.009214677847921848,dog/cat,200M
4,9,0.010811337269842625,dog/cat,200M
4,10,-0.01017061062157154,dog/cat,200M
4,11,-0.0029410559218376875,dog/cat,200M
5,0,-0.03365156054496765,dog/cat,200M
5,1,0.01734716258943081,dog/cat,200M
5,2,0.004278621170669794,dog/cat,200M
5,3,0.025506816804409027,dog/cat,200M
5,4,0.00820649228990078,dog/cat,200M
5,5,0.003315561916679144,dog/cat,200M
5,6,-0.02759760431945324,dog/cat,200M
5,7,-0.008074872195720673,dog/cat,200M
5,8,-5.924701690673828e-05,dog/cat,200M
5,9,0.004543734714388847,dog/cat,200M
5,10,-0.011602617800235748,dog/cat,200M
5,11,-0.01754191145300865,dog/cat,200M
6,0,-0.015907879918813705,dog/cat,200M
6,1,-0.005422657821327448,dog/cat,200M
6,2,0.014727657660841942,dog/cat,200M
6,3,-0.006185790058225393,dog/cat,200M
6,4,-0.021861553192138672,dog/cat,200M
6,5,0.011969435960054398,dog/cat,200M
6,6,-0.01170254871249199,dog/cat,200M
6,7,-0.0034146998077630997,dog/cat,200M
6,8,0.017449069768190384,dog/cat,200M
6,9,-0.009435328654944897,dog/cat,200M
6,10,-0.03972584009170532,dog/cat,200M
6,11,0.005555149167776108,dog/cat,200M
7,0,-0.005028726067394018,dog/cat,200M
7,1,-0.001606721431016922,dog/cat,200M
7,2,-0.019599642604589462,dog/cat,200M
7,3,-0.050766222178936005,dog/cat,200M
7,4,-0.0023303572088479996,dog/cat,200M
7,5,-0.01633521355688572,dog/cat,200M
7,6,-0.08073894679546356,dog/cat,200M
7,7,-0.05933303013443947,dog/cat,200M
7,8,0.026013527065515518,dog/cat,200M
7,9,-0.030478958040475845,dog/cat,200M
7,10,0.004706178791821003,dog/cat,200M
7,11,0.012375682592391968,dog/cat,200M
8,0,-0.2054925560951233,dog/cat,200M
8,1,-0.0822967067360878,dog/cat,200M
8,2,0.006851650774478912,dog/cat,200M
8,3,-0.020846977829933167,dog/cat,200M
8,4,0.02658611536026001,dog/cat,200M
8,5,-0.019833821803331375,dog/cat,200M
8,6,-0.1086086705327034,dog/cat,200M
8,7,-0.035351283848285675,dog/cat,200M
8,8,-0.06221862882375717,dog/cat,200M
8,9,0.019355373457074165,dog/cat,200M
8,10,-0.02492663636803627,dog/cat,200M
8,11,0.015485206618905067,dog/cat,200M
9,0,0.017455635592341423,dog/cat,200M
9,1,0.006968867965042591,dog/cat,200M
9,2,-0.07558555901050568,dog/cat,200M
9,3,0.03582797199487686,dog/cat,200M
9,4,0.02739398367702961,dog/cat,200M
9,5,-0.03886101767420769,dog/cat,200M
9,6,0.03803296759724617,dog/cat,200M
9,7,0.013746065087616444,dog/cat,200M
9,8,-0.024469856172800064,dog/cat,200M
9,9,0.03971683606505394,dog/cat,200M
9,10,-0.3218744993209839,dog/cat,200M
9,11,-0.011149412952363491,dog/cat,200M
10,0,-0.012827291153371334,dog/cat,200M
10,1,0.0032266112975776196,dog/cat,200M
10,2,0.0038169510662555695,dog/cat,200M
10,3,0.01654556579887867,dog/cat,200M
10,4,-0.014810614287853241,dog/cat,200M
10,5,-0.10223506391048431,dog/cat,200M
10,6,-0.007036062888801098,dog/cat,200M
10,7,-0.06223906949162483,dog/cat,200M
10,8,0.05194948613643646,dog/cat,200M
10,9,0.004722842946648598,dog/cat,200M
10,10,0.027246709913015366,dog/cat,200M
10,11,0.014596203342080116,dog/cat,200M
11,0,-0.04257335886359215,dog/cat,200M
11,1,0.002543187700212002,dog/cat,200M
11,2,-0.005656725727021694,dog/cat,200M
11,3,-0.02976543828845024,dog/cat,200M
11,4,-0.008310089819133282,dog/cat,200M
11,5,0.009741577319800854,dog/cat,200M
11,6,0.013845200650393963,dog/cat,200M
11,7,-0.004842857364565134,dog/cat,200M
11,8,0.03469260782003403,dog/cat,200M
11,9,-0.028075097128748894,dog/cat,200M
11,10,-0.026720823720097542,dog/cat,200M
11,11,0.0037351143546402454,dog/cat,200M
0,0,-7.629458559677005e-05,boy/girl,200M
0,1,-0.0005987765034660697,boy/girl,200M
0,2,-0.003433315549045801,boy/girl,200M
0,3,0.0014563112054020166,boy/girl,200M
0,4,0.0007033457513898611,boy/girl,200M
0,5,-0.0032495674677193165,boy/girl,200M
0,6,-0.0026636109687387943,boy/girl,200M
0,7,-0.0020430805161595345,boy/girl,200M
0,8,-0.003948898520320654,boy/girl,200M
0,9,0.00012326287105679512,boy/girl,200M
0,10,0.0012723046820610762,boy/girl,200M
0,11,0.0004967267159372568,boy/girl,200M
1,0,-0.008801903575658798,boy/girl,200M
1,1,0.000666097505018115,boy/girl,200M
1,2,-0.008122761733829975,boy/girl,200M
1,3,-0.007743090856820345,boy/girl,200M
1,4,0.024134615436196327,boy/girl,200M
1,5,0.011186012998223305,boy/girl,200M
1,6,-0.007853541523218155,boy/girl,200M
1,7,-0.003226807340979576,boy/girl,200M
1,8,-0.0031395291443914175,boy/girl,200M
1,9,0.022977467626333237,boy/girl,200M
1,10,-0.0037916777655482292,boy/girl,200M
1,11,-0.014517605304718018,boy/girl,200M
2,0,-0.005450973752886057,boy/girl,200M
2,1,-0.00799531675875187,boy/girl,200M
2,2,-0.004954868927598,boy/girl,200M
2,3,0.008296934887766838,boy/girl,200M
2,4,-0.002867152215912938,boy/girl,200M
2,5,-0.02380925975739956,boy/girl,200M
2,6,-0.02615843154489994,boy/girl,200M
2,7,-0.006639034487307072,boy/girl,200M
2,8,-0.00858633778989315,boy/girl,200M
2,9,-0.013300219550728798,boy/girl,200M
2,10,0.0003920330200344324,boy/girl,200M
2,11,0.008676020428538322,boy/girl,200M
3,0,0.0068377237766981125,boy/girl,200M
3,1,-0.010986334644258022,boy/girl,200M
3,2,0.005905561149120331,boy/girl,200M
3,3,-0.02437223121523857,boy/girl,200M
3,4,0.0002326818648725748,boy/girl,200M
3,5,0.0015574470162391663,boy/girl,200M
3,6,0.010904617607593536,boy/girl,200M
3,7,-0.0023140411358326674,boy/girl,200M
3,8,-0.0019481023773550987,boy/girl,200M
3,9,0.016619708389043808,boy/girl,200M
3,10,0.0022599645890295506,boy/girl,200M
3,11,0.005384274758398533,boy/girl,200M
4,0,0.00801045261323452,boy/girl,200M
4,1,0.015231393277645111,boy/girl,200M
4,2,-0.009229881688952446,boy/girl,200M
4,3,-0.014832556247711182,boy/girl,200M
4,4,-0.002484479919075966,boy/girl,200M
4,5,-0.0035099503584206104,boy/girl,200M
4,6,-0.02008954808115959,boy/girl,200M
4,7,-0.00866339448839426,boy/girl,200M
4,8,-0.01002802886068821,boy/girl,200M
4,9,-0.002541298046708107,boy/girl,200M
4,10,-0.00473019341006875,boy/girl,200M
4,11,0.014134194701910019,boy/girl,200M
5,0,-0.013985327444970608,boy/girl,200M
5,1,0.020337164402008057,boy/girl,200M
5,2,-0.0060898251831531525,boy/girl,200M
5,3,-0.02228468842804432,boy/girl,200M
5,4,0.0033854516223073006,boy/girl,200M
5,5,0.025335559621453285,boy/girl,200M
5,6,0.02574530430138111,boy/girl,200M
5,7,-0.0026538786478340626,boy/girl,200M
5,8,-0.010770839639008045,boy/girl,200M
5,9,-0.08576203137636185,boy/girl,200M
5,10,-0.011285887099802494,boy/girl,200M
5,11,0.0028485856018960476,boy/girl,200M
6,0,-0.055327411741018295,boy/girl,200M
6,1,-0.014528902247548103,boy/girl,200M
6,2,-0.008106491528451443,boy/girl,200M
6,3,0.0009814470540732145,boy/girl,200M
6,4,0.006516153924167156,boy/girl,200M
6,5,-0.0045132203958928585,boy/girl,200M
6,6,0.0021666251122951508,boy/girl,200M
6,7,0.01980789564549923,boy/girl,200M
6,8,-0.004216564819216728,boy/girl,200M
6,9,0.007314336486160755,boy/girl,200M
6,10,0.010515172965824604,boy/girl,200M
6,11,0.0435665026307106,boy/girl,200M
7,0,0.0035845977254211903,boy/girl,200M
7,1,0.01243236567825079,boy/girl,200M
7,2,0.023901157081127167,boy/girl,200M
7,3,-0.014147172681987286,boy/girl,200M
7,4,0.008732768706977367,boy/girl,200M
7,5,0.02581721544265747,boy/girl,200M
7,6,-0.08150318264961243,boy/girl,200M
7,7,0.07566458731889725,boy/girl,200M
7,8,-0.09830023348331451,boy/girl,200M
7,9,-0.008587164804339409,boy/girl,200M
7,10,-0.007516674697399139,boy/girl,200M
7,11,-0.00585531909018755,boy/girl,200M
8,0,-0.0012492574751377106,boy/girl,200M
8,1,0.008678341284394264,boy/girl,200M
8,2,-0.029317297041416168,boy/girl,200M
8,3,0.05067763477563858,boy/girl,200M
8,4,0.06134282052516937,boy/girl,200M
8,5,0.010772688314318657,boy/girl,200M
8,6,0.011943282559514046,boy/girl,200M
8,7,0.007897766306996346,boy/girl,200M
8,8,0.0025478722527623177,boy/girl,200M
8,9,-0.015226169489324093,boy/girl,200M
8,10,0.015663305297493935,boy/girl,200M
8,11,0.004991995170712471,boy/girl,200M
9,0,-0.009340490214526653,boy/girl,200M
9,1,-0.006438725627958775,boy/girl,200M
9,2,-0.02637695148587227,boy/girl,200M
9,3,0.021373361349105835,boy/girl,200M
9,4,-0.007342519238591194,boy/girl,200M
9,5,0.010713741183280945,boy/girl,200M
9,6,-0.004311538301408291,boy/girl,200M
9,7,-0.020928649231791496,boy/girl,200M
9,8,0.01957348734140396,boy/girl,200M
9,9,0.009078335016965866,boy/girl,200M
9,10,-0.011896971613168716,boy/girl,200M
9,11,0.005018562078475952,boy/girl,200M
10,0,0.03154519200325012,boy/girl,200M
10,1,-0.009748537093400955,boy/girl,200M
10,2,-0.401192843914032,boy/girl,200M
10,3,0.007690750528126955,boy/girl,200M
10,4,-0.0019857436418533325,boy/girl,200M
10,5,-0.03198476880788803,boy/girl,200M
10,6,-0.0073512885719537735,boy/girl,200M
10,7,0.0029133521020412445,boy/girl,200M
10,8,0.0005357898771762848,boy/girl,200M
10,9,0.006281980313360691,boy/girl,200M
10,10,-0.02371511608362198,boy/girl,200M
10,11,0.007884739898145199,boy/girl,200M
11,0,0.018122123554348946,boy/girl,200M
11,1,-0.01015446987003088,boy/girl,200M
11,2,0.02316293865442276,boy/girl,200M
11,3,-0.010332918725907803,boy/girl,200M
11,4,0.03816510736942291,boy/girl,200M
11,5,0.008029680699110031,boy/girl,200M
11,6,-0.010640930384397507,boy/girl,200M
11,7,-0.013192612677812576,boy/girl,200M
11,8,-0.015196824446320534,boy/girl,200M
11,9,-0.044824980199337006,boy/girl,200M
11,10,0.01870693825185299,boy/girl,200M
11,11,-0.0005817911587655544,boy/girl,200M
0,0,0.0002458851085975766,king/queen,200M
0,1,0.003322613425552845,king/queen,200M
0,2,-0.011640867218375206,king/queen,200M
0,3,0.0062744165770709515,king/queen,200M
0,4,0.007366313599050045,king/queen,200M
0,5,0.002172034000977874,king/queen,200M
0,6,0.010134203359484673,king/queen,200M
0,7,0.0028013791888952255,king/queen,200M
0,8,0.003578661009669304,king/queen,200M
0,9,0.00040908646769821644,king/queen,200M
0,10,0.0015711094019934535,king/queen,200M
0,11,-0.006269325502216816,king/queen,200M
1,0,-0.010605632327497005,king/queen,200M
1,1,-0.00414208322763443,king/queen,200M
1,2,0.004637550562620163,king/queen,200M
1,3,-0.008186574093997478,king/queen,200M
1,4,0.031537577509880066,king/queen,200M
1,5,-0.031211331486701965,king/queen,200M
1,6,0.005302383564412594,king/queen,200M
1,7,-0.010275854729115963,king/queen,200M
1,8,-0.005057021044194698,king/queen,200M
1,9,0.015840480104088783,king/queen,200M
1,10,0.0101925078779459,king/queen,200M
1,11,-0.017485562711954117,king/queen,200M
2,0,0.0003213426098227501,king/queen,200M
2,1,0.004131452180445194,king/queen,200M
2,2,0.002422794234007597,king/queen,200M
2,3,0.047579072415828705,king/queen,200M
2,4,-0.0016448870301246643,king/queen,200M
2,5,-0.011009234003722668,king/queen,200M
2,6,-0.008499283343553543,king/queen,200M
2,7,-0.007437901571393013,king/queen,200M
2,8,-0.0021791066974401474,king/queen,200M
2,9,0.0018912013620138168,king/queen,200M
2,10,0.012026837095618248,king/queen,200M
2,11,0.015300776809453964,king/queen,200M
3,0,0.010364057496190071,king/queen,200M
3,1,0.012741867452859879,king/queen,200M
3,2,-0.0037449905648827553,king/queen,200M
3,3,0.019766584038734436,king/queen,200M
3,4,-0.015564985573291779,king/queen,200M
3,5,0.016742680221796036,king/queen,200M
3,6,0.009730263613164425,king/queen,200M
3,7,0.000874025747179985,king/queen,200M
3,8,-0.0012561745243147016,king/queen,200M
3,9,0.001164047745987773,king/queen,200M
3,10,-0.00041998550295829773,king/queen,200M
3,11,-0.0020912950858473778,king/queen,200M
4,0,-0.004439672455191612,king/queen,200M
4,1,0.010854087769985199,king/queen,200M
4,2,-0.026122216135263443,king/queen,200M
4,3,-0.0027775727212429047,king/queen,200M
4,4,-0.003203829750418663,king/queen,200M
4,5,-0.014386124908924103,king/queen,200M
4,6,-0.006844780407845974,king/queen,200M
4,7,0.0016087205149233341,king/queen,200M
4,8,0.00017008697614073753,king/queen,200M
4,9,-0.005578154698014259,king/queen,200M
4,10,-0.0015218094922602177,king/queen,200M
4,11,0.013964549638330936,king/queen,200M
5,0,0.005744364112615585,king/queen,200M
5,1,0.011554231867194176,king/queen,200M
5,2,0.0019101439975202084,king/queen,200M
5,3,-0.060272570699453354,king/queen,200M
5,4,0.0067419144324958324,king/queen,200M
5,5,0.006047300063073635,king/queen,200M
5,6,-0.03234288468956947,king/queen,200M
5,7,-0.031086131930351257,king/queen,200M
5,8,0.0077764857560396194,king/queen,200M
5,9,0.008253481239080429,king/queen,200M
5,10,-0.03823726251721382,king/queen,200M
5,11,0.00796133279800415,king/queen,200M
6,0,0.10920660197734833,king/queen,200M
6,1,-0.017959533259272575,king/queen,200M
6,2,0.03742924705147743,king/queen,200M
6,3,-0.008500838652253151,king/queen,200M
6,4,0.019995085895061493,king/queen,200M
6,5,0.0019088862463831902,king/queen,200M
6,6,0.0028382367454469204,king/queen,200M
6,7,-0.052930328994989395,king/queen,200M
6,8,-0.009238488972187042,king/queen,200M
6,9,0.008086158894002438,king/queen,200M
6,10,-8.259899914264679e-06,king/queen,200M
6,11,0.06119854748249054,king/queen,200M
7,0,-0.0004606521688401699,king/queen,200M
7,1,0.0062834713608026505,king/queen,200M
7,2,-0.006429420784115791,king/queen,200M
7,3,-0.012911701574921608,king/queen,200M
7,4,0.01638094335794449,king/queen,200M
7,5,0.019769491627812386,king/queen,200M
7,6,-0.06489336490631104,king/queen,200M
7,7,0.07898563146591187,king/queen,200M
7,8,-0.09460869431495667,king/queen,200M
7,9,-0.023992246016860008,king/queen,200M
7,10,-8.89236107468605e-05,king/queen,200M
7,11,-0.006027393043041229,king/queen,200M
8,0,-0.06489932537078857,king/queen,200M
8,1,-0.06364089995622635,king/queen,200M
8,2,0.07393606752157211,king/queen,200M
8,3,-0.06391528993844986,king/queen,200M
8,4,-0.1366080939769745,king/queen,200M
8,5,0.0045066773891448975,king/queen,200M
8,6,0.010485343635082245,king/queen,200M
8,7,0.006070894189178944,king/queen,200M
8,8,0.12241847813129425,king/queen,200M
8,9,-0.0011441009119153023,king/queen,200M
8,10,0.016003211960196495,king/queen,200M
8,11,-0.033786430954933167,king/queen,200M
9,0,-0.019103901460766792,king/queen,200M
9,1,-0.009490063413977623,king/queen,200M
9,2,0.008829804137349129,king/queen,200M
9,3,0.01085714716464281,king/queen,200M
9,4,0.05122951418161392,king/queen,200M
9,5,0.009161016903817654,king/queen,200M
9,6,-0.01944846287369728,king/queen,200M
9,7,-0.06757400929927826,king/queen,200M
9,8,0.01928369328379631,king/queen,200M
9,9,-0.006226405501365662,king/queen,200M
9,10,0.0234004408121109,king/queen,200M
9,11,-0.07547483593225479,king/queen,200M
10,0,-0.0243080947548151,king/queen,200M
10,1,-0.012888447381556034,king/queen,200M
10,2,-0.3385658264160156,king/queen,200M
10,3,0.0140070840716362,king/queen,200M
10,4,0.07392008602619171,king/queen,200M
10,5,-0.14998438954353333,king/queen,200M
10,6,0.0022082244977355003,king/queen,200M
10,7,-0.09868201613426208,king/queen,200M
10,8,-0.012608434073626995,king/queen,200M
10,9,-0.07916852831840515,king/queen,200M
10,10,-0.019514299929142,king/queen,200M
10,11,0.00040769390761852264,king/queen,200M
11,0,0.010029640048742294,king/queen,200M
11,1,0.009393605403602123,king/queen,200M
11,2,-0.008547343313694,king/queen,200M
11,3,0.028623271733522415,king/queen,200M
11,4,0.024596652016043663,king/queen,200M
11,5,0.011598624289035797,king/queen,200M
11,6,0.010454291477799416,king/queen,200M
11,7,0.011543975211679935,king/queen,200M
11,8,-0.008519506081938744,king/queen,200M
11,9,-0.03212133049964905,king/queen,200M
11,10,0.024733254685997963,king/queen,200M
11,11,-0.013892612420022488,king/queen,200M
0,0,0.004848168231546879,man/woman,200M
0,1,-0.00574708916246891,man/woman,200M
0,2,-0.009328210726380348,man/woman,200M
0,3,-0.003302894299849868,man/woman,200M
0,4,-0.004811575636267662,man/woman,200M
0,5,0.006517673376947641,man/woman,200M
0,6,-0.0020839048083871603,man/woman,200M
0,7,0.002594484481960535,man/woman,200M
0,8,0.0009056350099854171,man/woman,200M
0,9,0.00021265365649014711,man/woman,200M
0,10,0.00046492734691128135,man/woman,200M
0,11,-0.0035978276282548904,man/woman,200M
1,0,-0.007023293059319258,man/woman,200M
1,1,-0.011593393050134182,man/woman,200M
1,2,0.0008899576496332884,man/woman,200M
1,3,-0.00596571946516633,man/woman,200M
1,4,0.006929480470716953,man/woman,200M
1,5,-0.005089199636131525,man/woman,200M
1,6,-0.0017720088362693787,man/woman,200M
1,7,-0.00032286159694194794,man/woman,200M
1,8,0.014619287103414536,man/woman,200M
1,9,-0.015648506581783295,man/woman,200M
1,10,0.0040421150624752045,man/woman,200M
1,11,-0.010812539607286453,man/woman,200M
2,0,-0.004833650309592485,man/woman,200M
2,1,-0.005646089091897011,man/woman,200M
2,2,0.0019148748833686113,man/woman,200M
2,3,0.025765560567378998,man/woman,200M
2,4,-0.0105980783700943,man/woman,200M
2,5,-0.005721164867281914,man/woman,200M
2,6,-0.003305206075310707,man/woman,200M
2,7,-0.02656402811408043,man/woman,200M
2,8,0.02575072832405567,man/woman,200M
2,9,-0.01862012967467308,man/woman,200M
2,10,0.0041178190149366856,man/woman,200M
2,11,-0.003163086250424385,man/woman,200M
3,0,0.014636995270848274,man/woman,200M
3,1,-0.04965332895517349,man/woman,200M
3,2,0.0014228974469006062,man/woman,200M
3,3,-0.0010947445407509804,man/woman,200M
3,4,0.006997985299676657,man/woman,200M
3,5,-0.002978244796395302,man/woman,200M
3,6,0.0012762690894305706,man/woman,200M
3,7,-0.0019912165589630604,man/woman,200M
3,8,-0.002567375311627984,man/woman,200M
3,9,-0.013773462735116482,man/woman,200M
3,10,-0.002945359330624342,man/woman,200M
3,11,-0.0039794668555259705,man/woman,200M
4,0,0.0037395430263131857,man/woman,200M
4,1,0.03400346264243126,man/woman,200M
4,2,-0.014121385291218758,man/woman,200M
4,3,-0.0027744437102228403,man/woman,200M
4,4,-0.010163132101297379,man/woman,200M
4,5,-0.034437358379364014,man/woman,200M
4,6,-0.0030624745413661003,man/woman,200M
4,7,0.013701492920517921,man/woman,200M
4,8,0.0005083400756120682,man/woman,200M
4,9,0.005616460926830769,man/woman,200M
4,10,-0.007045411970466375,man/woman,200M
4,11,0.006599833257496357,man/woman,200M
5,0,0.007083980366587639,man/woman,200M
5,1,0.022801794111728668,man/woman,200M
5,2,-0.003976069390773773,man/woman,200M
5,3,-0.09313604235649109,man/woman,200M
5,4,0.012488269247114658,man/woman,200M
5,5,0.010287695564329624,man/woman,200M
5,6,-0.028223872184753418,man/woman,200M
5,7,-0.009345929138362408,man/woman,200M
5,8,-0.02764935977756977,man/woman,200M
5,9,-0.004319022875279188,man/woman,200M
5,10,-0.014697443693876266,man/woman,200M
5,11,-0.005470476113259792,man/woman,200M
6,0,-0.0069738514721393585,man/woman,200M
6,1,-0.03373623639345169,man/woman,200M
6,2,0.006745766848325729,man/woman,200M
6,3,0.013477908447384834,man/woman,200M
6,4,-0.0009619905613362789,man/woman,200M
6,5,-0.009449634701013565,man/woman,200M
6,6,0.035304948687553406,man/woman,200M
6,7,-0.04638029634952545,man/woman,200M
6,8,-0.010012421756982803,man/woman,200M
6,9,0.0062754289247095585,man/woman,200M
6,10,-0.012994577176868916,man/woman,200M
6,11,0.015885332599282265,man/woman,200M
7,0,-0.0026115099899470806,man/woman,200M
7,1,0.05052788555622101,man/woman,200M
7,2,0.01112152449786663,man/woman,200M
7,3,-0.06110739707946777,man/woman,200M
7,4,-0.005779367405921221,man/woman,200M
7,5,0.018197206780314445,man/woman,200M
7,6,-0.026626549661159515,man/woman,200M
7,7,-0.03434453532099724,man/woman,200M
7,8,-0.19423843920230865,man/woman,200M
7,9,-0.0006529558449983597,man/woman,200M
7,10,0.014579633250832558,man/woman,200M
7,11,0.006982759572565556,man/woman,200M
8,0,-0.06026533991098404,man/woman,200M
8,1,0.07910368591547012,man/woman,200M
8,2,-0.027496587485074997,man/woman,200M
8,3,0.012066475115716457,man/woman,200M
8,4,-0.27769073843955994,man/woman,200M
8,5,0.027615796774625778,man/woman,200M
8,6,0.02694745920598507,man/woman,200M
8,7,-0.01166095957159996,man/woman,200M
8,8,0.07498867809772491,man/woman,200M
8,9,0.005194546654820442,man/woman,200M
8,10,-0.021168965846300125,man/woman,200M
8,11,-0.04560122638940811,man/woman,200M
9,0,0.005044537130743265,man/woman,200M
9,1,-0.01103399507701397,man/woman,200M
9,2,-0.03142162784934044,man/woman,200M
9,3,0.024499649181962013,man/woman,200M
9,4,-0.08121179044246674,man/woman,200M
9,5,-0.018931668251752853,man/woman,200M
9,6,-0.1595814824104309,man/woman,200M
9,7,-0.04189198091626167,man/woman,200M
9,8,0.022343318909406662,man/woman,200M
9,9,0.010084016248583794,man/woman,200M
9,10,-0.05731891840696335,man/woman,200M
9,11,-0.032175514847040176,man/woman,200M
10,0,0.013908423483371735,man/woman,200M
10,1,0.014707431197166443,man/woman,200M
10,2,-0.4047382175922394,man/woman,200M
10,3,-0.020578039810061455,man/woman,200M
10,4,-0.002620869316160679,man/woman,200M
10,5,-0.27115780115127563,man/woman,200M
10,6,0.001636464148759842,man/woman,200M
10,7,-0.011952905915677547,man/woman,200M
10,8,0.016664277762174606,man/woman,200M
10,9,0.020289579406380653,man/woman,200M
10,10,0.016185341402888298,man/woman,200M
10,11,0.009949678555130959,man/woman,200M
11,0,0.01140217948704958,man/woman,200M
11,1,-0.006045842077583075,man/woman,200M
11,2,0.01975245587527752,man/woman,200M
11,3,0.010069608688354492,man/woman,200M
11,4,0.014578800648450851,man/woman,200M
11,5,0.015629755333065987,man/woman,200M
11,6,0.006437251344323158,man/woman,200M
11,7,-0.005583254620432854,man/woman,200M
11,8,0.006670522503554821,man/woman,200M
11,9,0.0069257598370313644,man/woman,200M
11,10,-0.0034805559553205967,man/woman,200M
11,11,-0.0649760514497757,man/woman,200M
0,0,0.0042746406979858875,dog/cat,1000M
0,1,-0.0034178427886217833,dog/cat,1000M
0,2,-0.0015666857361793518,dog/cat,1000M
0,3,-0.025168530642986298,dog/cat,1000M
0,4,0.004684890620410442,dog/cat,1000M
0,5,0.004587635397911072,dog/cat,1000M
0,6,0.005927024409174919,dog/cat,1000M
0,7,0.0044404082000255585,dog/cat,1000M
0,8,-0.0014286718796938658,dog/cat,1000M
0,9,0.0032366146333515644,dog/cat,1000M
0,10,0.006909857504069805,dog/cat,1000M
0,11,0.003956106025725603,dog/cat,1000M
1,0,-0.011843794956803322,dog/cat,1000M
1,1,-1.5906523913145065e-05,dog/cat,1000M
1,2,-0.00046534789726138115,dog/cat,1000M
1,3,0.007075263187289238,dog/cat,1000M
1,4,-0.04124732315540314,dog/cat,1000M
1,5,-0.021299496293067932,dog/cat,1000M
1,6,0.02292095124721527,dog/cat,1000M
1,7,-0.02929532527923584,dog/cat,1000M
1,8,-0.0010907109826803207,dog/cat,1000M
1,9,-0.014968391507863998,dog/cat,1000M
1,10,-0.01799248903989792,dog/cat,1000M
1,11,0.019757959991693497,dog/cat,1000M
2,0,0.006547961384057999,dog/cat,1000M
2,1,0.020232146605849266,dog/cat,1000M
2,2,-0.023062216117978096,dog/cat,1000M
2,3,-0.022130317986011505,dog/cat,1000M
2,4,0.014443857595324516,dog/cat,1000M
2,5,0.013054201379418373,dog/cat,1000M
2,6,-0.0023940489627420902,dog/cat,1000M
2,7,-0.003125610761344433,dog/cat,1000M
2,8,-0.026204343885183334,dog/cat,1000M
2,9,-0.013294150121510029,dog/cat,1000M
2,10,0.009080689400434494,dog/cat,1000M
2,11,0.02976243756711483,dog/cat,1000M
3,0,-0.03678160533308983,dog/cat,1000M
3,1,-0.012668099254369736,dog/cat,1000M
3,2,-0.000128244049847126,dog/cat,1000M
3,3,-0.004615716636180878,dog/cat,1000M
3,4,-0.01364909578114748,dog/cat,1000M
3,5,-0.02219248190522194,dog/cat,1000M
3,6,-0.002002325840294361,dog/cat,1000M
3,7,0.008056392893195152,dog/cat,1000M
3,8,0.00709517439827323,dog/cat,1000M
3,9,-0.0013044439256191254,dog/cat,1000M
3,10,0.027219725772738457,dog/cat,1000M
3,11,-0.00015983078628778458,dog/cat,1000M
4,0,0.004897303879261017,dog/cat,1000M
4,1,-0.03430117666721344,dog/cat,1000M
4,2,0.0031925425864756107,dog/cat,1000M
4,3,0.014376853592693806,dog/cat,1000M
4,4,-0.022998645901679993,dog/cat,1000M
4,5,0.014573999680578709,dog/cat,1000M
4,6,-0.19361251592636108,dog/cat,1000M
4,7,0.018118856474757195,dog/cat,1000M
4,8,0.009403601288795471,dog/cat,1000M
4,9,-0.002022127155214548,dog/cat,1000M
4,10,0.0022088270634412766,dog/cat,1000M
4,11,0.008665982633829117,dog/cat,1000M
5,0,-0.02847844734787941,dog/cat,1000M
5,1,-0.04688643664121628,dog/cat,1000M
5,2,0.007125770673155785,dog/cat,1000M
5,3,-0.024814879521727562,dog/cat,1000M
5,4,0.00954680610448122,dog/cat,1000M
5,5,-0.033448368310928345,dog/cat,1000M
5,6,0.014492552727460861,dog/cat,1000M
5,7,-0.005925464443862438,dog/cat,1000M
5,8,0.025571364909410477,dog/cat,1000M
5,9,-0.025685060769319534,dog/cat,1000M
5,10,0.006385153159499168,dog/cat,1000M
5,11,-0.008846289478242397,dog/cat,1000M
6,0,-0.13483935594558716,dog/cat,1000M
6,1,-0.03529217839241028,dog/cat,1000M
6,2,0.024420931935310364,dog/cat,1000M
6,3,-0.004786506295204163,dog/cat,1000M
6,4,-0.02825813926756382,dog/cat,1000M
6,5,0.03421898931264877,dog/cat,1000M
6,6,0.017517447471618652,dog/cat,1000M
6,7,0.016823122277855873,dog/cat,1000M
6,8,-0.0008330480195581913,dog/cat,1000M
6,9,-0.024990839883685112,dog/cat,1000M
6,10,0.020960098132491112,dog/cat,1000M
6,11,-0.03286187723278999,dog/cat,1000M
7,0,-0.038106583058834076,dog/cat,1000M
7,1,0.008765868842601776,dog/cat,1000M
7,2,0.0015722820535302162,dog/cat,1000M
7,3,-0.0002882033586502075,dog/cat,1000M
7,4,0.029071474447846413,dog/cat,1000M
7,5,-0.015185379423201084,dog/cat,1000M
7,6,-0.060701824724674225,dog/cat,1000M
7,7,0.06968741118907928,dog/cat,1000M
7,8,0.03988642245531082,dog/cat,1000M
7,9,-0.028459321707487106,dog/cat,1000M
7,10,-0.042609162628650665,dog/cat,1000M
7,11,0.025680456310510635,dog/cat,1000M
8,0,-0.19814282655715942,dog/cat,1000M
8,1,-0.11627330631017685,dog/cat,1000M
8,2,0.031334176659584045,dog/cat,1000M
8,3,-0.030757661908864975,dog/cat,1000M
8,4,0.0808301642537117,dog/cat,1000M
8,5,0.001991872675716877,dog/cat,1000M
8,6,-0.256435751914978,dog/cat,1000M
8,7,-0.04880277067422867,dog/cat,1000M
8,8,-0.11425609886646271,dog/cat,1000M
8,9,0.02297510951757431,dog/cat,1000M
8,10,-0.053074441850185394,dog/cat,1000M
8,11,0.019017759710550308,dog/cat,1000M
9,0,-0.050861895084381104,dog/cat,1000M
9,1,-0.029164787381887436,dog/cat,1000M
9,2,-0.008500086143612862,dog/cat,1000M
9,3,0.05919928103685379,dog/cat,1000M
9,4,0.019828224554657936,dog/cat,1000M
9,5,-0.08374914526939392,dog/cat,1000M
9,6,0.06799987703561783,dog/cat,1000M
9,7,0.03476336970925331,dog/cat,1000M
9,8,0.05063483119010925,dog/cat,1000M
9,9,0.0577126070857048,dog/cat,1000M
9,10,-0.33652302622795105,dog/cat,1000M
9,11,0.10514461249113083,dog/cat,1000M
10,0,-0.012690573930740356,dog/cat,1000M
10,1,0.11035654693841934,dog/cat,1000M
10,2,-0.021752644330263138,dog/cat,1000M
10,3,-0.006110982038080692,dog/cat,1000M
10,4,0.05453835427761078,dog/cat,1000M
10,5,-0.13340359926223755,dog/cat,1000M
10,6,0.02222706377506256,dog/cat,1000M
10,7,-0.05555879324674606,dog/cat,1000M
10,8,0.0665578618645668,dog/cat,1000M
10,9,-0.02778913825750351,dog/cat,1000M
10,10,-0.020314164459705353,dog/cat,1000M
10,11,0.03672469034790993,dog/cat,1000M
11,0,-0.08251314610242844,dog/cat,1000M
11,1,-0.04376158118247986,dog/cat,1000M
11,2,-0.05793830752372742,dog/cat,1000M
11,3,-0.21786248683929443,dog/cat,1000M
11,4,-0.022550009191036224,dog/cat,1000M
11,5,0.019501304253935814,dog/cat,1000M
11,6,0.036379605531692505,dog/cat,1000M
11,7,-0.018236376345157623,dog/cat,1000M
11,8,-0.01551453210413456,dog/cat,1000M
11,9,0.024822399020195007,dog/cat,1000M
11,10,-0.02468244358897209,dog/cat,1000M
11,11,-0.1070835292339325,dog/cat,1000M
0,0,0.0011049497406929731,boy/girl,1000M
0,1,-0.005154021084308624,boy/girl,1000M
0,2,0.0014335839077830315,boy/girl,1000M
0,3,-0.002001800574362278,boy/girl,1000M
0,4,0.008576858788728714,boy/girl,1000M
0,5,0.0008535753004252911,boy/girl,1000M
0,6,0.0034089721739292145,boy/girl,1000M
0,7,-0.0006454652175307274,boy/girl,1000M
0,8,-0.0038561720866709948,boy/girl,1000M
0,9,0.00314069795422256,boy/girl,1000M
0,10,-0.0024759937077760696,boy/girl,1000M
0,11,0.003243129700422287,boy/girl,1000M
1,0,-0.006701988633722067,boy/girl,1000M
1,1,-0.008645949885249138,boy/girl,1000M
1,2,-0.007445305585861206,boy/girl,1000M
1,3,-0.004199506714940071,boy/girl,1000M
1,4,0.018844038248062134,boy/girl,1000M
1,5,0.004262908361852169,boy/girl,1000M
1,6,-0.003182518295943737,boy/girl,1000M
1,7,-0.009862802922725677,boy/girl,1000M
1,8,-0.003838095348328352,boy/girl,1000M
1,9,0.04877042770385742,boy/girl,1000M
1,10,0.001428771996870637,boy/girl,1000M
1,11,-0.010923018679022789,boy/girl,1000M
2,0,-0.003688238561153412,boy/girl,1000M
2,1,-0.0013358602300286293,boy/girl,1000M
2,2,0.006521071773022413,boy/girl,1000M
2,3,0.06199580803513527,boy/girl,1000M
2,4,0.028127651661634445,boy/girl,1000M
2,5,0.004905001260340214,boy/girl,1000M
2,6,-0.001603500684723258,boy/girl,1000M
2,7,-0.0042845141142606735,boy/girl,1000M
2,8,0.02617950364947319,boy/girl,1000M
2,9,-0.006494623608887196,boy/girl,1000M
2,10,0.01979808136820793,boy/girl,1000M
2,11,0.015262878499925137,boy/girl,1000M
3,0,0.00198625260964036,boy/girl,1000M
3,1,0.005311364307999611,boy/girl,1000M
3,2,0.009407117031514645,boy/girl,1000M
3,3,-0.008576324209570885,boy/girl,1000M
3,4,0.006207025609910488,boy/girl,1000M
3,5,0.016168680042028427,boy/girl,1000M
3,6,-0.006213026121258736,boy/girl,1000M
3,7,-0.020022572949528694,boy/girl,1000M
3,8,0.004196505062282085,boy/girl,1000M
3,9,-0.020373784005641937,boy/girl,1000M
3,10,-0.01704072207212448,boy/girl,1000M
3,11,0.02928587980568409,boy/girl,1000M
4,0,0.0050998255610466,boy/girl,1000M
4,1,-0.009202624671161175,boy/girl,1000M
4,2,0.05792130529880524,boy/girl,1000M
4,3,0.0019511585123836994,boy/girl,1000M
4,4,-0.02317488007247448,boy/girl,1000M
4,5,0.0064632585272192955,boy/girl,1000M
4,6,-0.0779450312256813,boy/girl,1000M
4,7,-0.019452374428510666,boy/girl,1000M
4,8,-0.00626329705119133,boy/girl,1000M
4,9,-0.0016712946817278862,boy/girl,1000M
4,10,0.004082271829247475,boy/girl,1000M
4,11,0.0006169448606669903,boy/girl,1000M
5,0,-0.009243639186024666,boy/girl,1000M
5,1,0.0279106255620718,boy/girl,1000M
5,2,0.007267039269208908,boy/girl,1000M
5,3,-0.042682912200689316,boy/girl,1000M
5,4,0.010602857917547226,boy/girl,1000M
5,5,-0.0010069590061903,boy/girl,1000M
5,6,0.0392291322350502,boy/girl,1000M
5,7,0.01256471686065197,boy/girl,1000M
5,8,0.011828340590000153,boy/girl,1000M
5,9,-0.06719501316547394,boy/girl,1000M
5,10,0.008803045377135277,boy/girl,1000M
5,11,0.005190652329474688,boy/girl,1000M
6,0,-0.07999113202095032,boy/girl,1000M
6,1,-0.006491280160844326,boy/girl,1000M
6,2,-0.010393533855676651,boy/girl,1000M
6,3,-0.10125993937253952,boy/girl,1000M
6,4,0.04776874557137489,boy/girl,1000M
6,5,-0.007250456139445305,boy/girl,1000M
6,6,-0.0008718022145330906,boy/girl,1000M
6,7,0.003195684403181076,boy/girl,1000M
6,8,-0.012675303034484386,boy/girl,1000M
6,9,0.0010168368462473154,boy/girl,1000M
6,10,-0.009522962383925915,boy/girl,1000M
6,11,0.00300373462960124,boy/girl,1000M
7,0,-0.004674817435443401,boy/girl,1000M
7,1,0.03149016946554184,boy/girl,1000M
7,2,-0.0043030353263020515,boy/girl,1000M
7,3,-0.07302778959274292,boy/girl,1000M
7,4,0.006773068569600582,boy/girl,1000M
7,5,0.045036911964416504,boy/girl,1000M
7,6,-0.0173654742538929,boy/girl,1000M
7,7,0.02787434309720993,boy/girl,1000M
7,8,-0.07454127073287964,boy/girl,1000M
7,9,-0.11721238493919373,boy/girl,1000M
7,10,0.004065871238708496,boy/girl,1000M
7,11,-0.0017853844910860062,boy/girl,1000M
8,0,-0.1373811662197113,boy/girl,1000M
8,1,0.023226983845233917,boy/girl,1000M
8,2,-0.051623959094285965,boy/girl,1000M
8,3,0.039569467306137085,boy/girl,1000M
8,4,0.030958112329244614,boy/girl,1000M
8,5,0.0089470986276865,boy/girl,1000M
8,6,0.004259530454874039,boy/girl,1000M
8,7,-0.0046684630215168,boy/girl,1000M
8,8,0.030935287475585938,boy/girl,1000M
8,9,-0.025587234646081924,boy/girl,1000M
8,10,-0.019252970814704895,boy/girl,1000M
8,11,0.02953868731856346,boy/girl,1000M
9,0,0.021517623215913773,boy/girl,1000M
9,1,-0.0003116736188530922,boy/girl,1000M
9,2,-0.021774981170892715,boy/girl,1000M
9,3,-0.008787207305431366,boy/girl,1000M
9,4,-0.06929758936166763,boy/girl,1000M
9,5,-0.0011308025568723679,boy/girl,1000M
9,6,0.052326034754514694,boy/girl,1000M
9,7,-0.030002208426594734,boy/girl,1000M
9,8,-5.225092172622681e-05,boy/girl,1000M
9,9,0.03336530178785324,boy/girl,1000M
9,10,0.02464912459254265,boy/girl,1000M
9,11,-0.10712715983390808,boy/girl,1000M
10,0,-0.03892550244927406,boy/girl,1000M
10,1,0.02777717448771,boy/girl,1000M
10,2,-0.2030787467956543,boy/girl,1000M
10,3,-0.01340503990650177,boy/girl,1000M
10,4,0.02451266348361969,boy/girl,1000M
10,5,0.016482921317219734,boy/girl,1000M
10,6,-0.0250767320394516,boy/girl,1000M
10,7,-0.0011965138837695122,boy/girl,1000M
10,8,0.015754269436001778,boy/girl,1000M
10,9,-0.05100575461983681,boy/girl,1000M
10,10,-0.05714256316423416,boy/girl,1000M
10,11,-0.004994099959731102,boy/girl,1000M
11,0,-0.0396399050951004,boy/girl,1000M
11,1,0.006684345193207264,boy/girl,1000M
11,2,-0.009992343373596668,boy/girl,1000M
11,3,-0.038693416863679886,boy/girl,1000M
11,4,0.057373274117708206,boy/girl,1000M
11,5,-0.0011543938890099525,boy/girl,1000M
11,6,-0.03216978535056114,boy/girl,1000M
11,7,0.008395116776227951,boy/girl,1000M
11,8,0.008039595559239388,boy/girl,1000M
11,9,-0.025334658101201057,boy/girl,1000M
11,10,0.010759023949503899,boy/girl,1000M
11,11,0.029846426099538803,boy/girl,1000M
0,0,-0.0024907425977289677,king/queen,1000M
0,1,0.00400308845564723,king/queen,1000M
0,2,-0.002940261736512184,king/queen,1000M
0,3,-0.0041631124913692474,king/queen,1000M
0,4,0.020549584180116653,king/queen,1000M
0,5,-0.0035178251564502716,king/queen,1000M
0,6,0.01041060034185648,king/queen,1000M
0,7,-0.0025986265391111374,king/queen,1000M
0,8,-0.0004355505807325244,king/queen,1000M
0,9,0.00012472085654735565,king/queen,1000M
0,10,-0.0014738291501998901,king/queen,1000M
0,11,-0.00012148823589086533,king/queen,1000M
1,0,-0.04730628430843353,king/queen,1000M
1,1,-0.003620983101427555,king/queen,1000M
1,2,-0.009818948805332184,king/queen,1000M
1,3,-0.004954303149133921,king/queen,1000M
1,4,0.06004820764064789,king/queen,1000M
1,5,-0.019308071583509445,king/queen,1000M
1,6,0.00657183863222599,king/queen,1000M
1,7,0.005726754665374756,king/queen,1000M
1,8,0.013667551800608635,king/queen,1000M
1,9,0.005076778121292591,king/queen,1000M
1,10,-0.012554971501231194,king/queen,1000M
1,11,-0.004351760260760784,king/queen,1000M
2,0,-0.022584741935133934,king/queen,1000M
2,1,0.0021346404682844877,king/queen,1000M
2,2,0.017340488731861115,king/queen,1000M
2,3,0.007743517868220806,king/queen,1000M
2,4,0.003720437176525593,king/queen,1000M
2,5,-0.02044433169066906,king/queen,1000M
2,6,0.0031564179807901382,king/queen,1000M
2,7,0.008311242796480656,king/queen,1000M
2,8,0.005844061262905598,king/queen,1000M
2,9,0.00859154388308525,king/queen,1000M
2,10,-0.003035725560039282,king/queen,1000M
2,11,0.03356557339429855,king/queen,1000M
3,0,-0.017425939440727234,king/queen,1000M
3,1,0.008419047109782696,king/queen,1000M
3,2,0.0017042746767401695,king/queen,1000M
3,3,0.009102392941713333,king/queen,1000M
3,4,-0.008736448362469673,king/queen,1000M
3,5,0.01521120872348547,king/queen,1000M
3,6,0.014749165624380112,king/queen,1000M
3,7,0.004460279829800129,king/queen,1000M
3,8,0.011414637789130211,king/queen,1000M
3,9,0.010616591200232506,king/queen,1000M
3,10,-0.0075340308248996735,king/queen,1000M
3,11,-0.005845922976732254,king/queen,1000M
4,0,0.0007091988809406757,king/queen,1000M
4,1,-0.011462736874818802,king/queen,1000M
4,2,-0.12852899730205536,king/queen,1000M
4,3,0.011866169981658459,king/queen,1000M
4,4,0.005848105996847153,king/queen,1000M
4,5,0.0013999789953231812,king/queen,1000M
4,6,-0.024717075750231743,king/queen,1000M
4,7,0.009333138354122639,king/queen,1000M
4,8,0.009924029931426048,king/queen,1000M
4,9,0.014659367501735687,king/queen,1000M
4,10,-0.006636509206146002,king/queen,1000M
4,11,-0.002926780842244625,king/queen,1000M
5,0,-0.005782862659543753,king/queen,1000M
5,1,0.06913048028945923,king/queen,1000M
5,2,-0.0041369227692484856,king/queen,1000M
5,3,-0.09819792211055756,king/queen,1000M
5,4,0.011644868180155754,king/queen,1000M
5,5,0.009818881750106812,king/queen,1000M
5,6,-0.009189575910568237,king/queen,1000M
5,7,-0.02490079216659069,king/queen,1000M
5,8,0.06502801924943924,king/queen,1000M
5,9,0.024866173043847084,king/queen,1000M
5,10,0.004806623328477144,king/queen,1000M
5,11,0.022359270602464676,king/queen,1000M
6,0,0.08345016837120056,king/queen,1000M
6,1,0.016036778688430786,king/queen,1000M
6,2,0.015604188665747643,king/queen,1000M
6,3,-0.06623904407024384,king/queen,1000M
6,4,0.0022720787674188614,king/queen,1000M
6,5,0.02567012794315815,king/queen,1000M
6,6,-0.024588901549577713,king/queen,1000M
6,7,-0.023977305740118027,king/queen,1000M
6,8,0.01914949342608452,king/queen,1000M
6,9,0.030006790533661842,king/queen,1000M
6,10,0.031062446534633636,king/queen,1000M
6,11,0.009150180965662003,king/queen,1000M
7,0,-0.006582837551832199,king/queen,1000M
7,1,0.03462070971727371,king/queen,1000M
7,2,0.017566589638590813,king/queen,1000M
7,3,-0.030450649559497833,king/queen,1000M
7,4,0.02325432188808918,king/queen,1000M
7,5,0.027461208403110504,king/queen,1000M
7,6,-0.03664851188659668,king/queen,1000M
7,7,0.00017181318253278732,king/queen,1000M
7,8,-0.14722049236297607,king/queen,1000M
7,9,0.038842298090457916,king/queen,1000M
7,10,-0.028657641261816025,king/queen,1000M
7,11,-0.016772810369729996,king/queen,1000M
8,0,-0.06607023626565933,king/queen,1000M
8,1,0.003374457359313965,king/queen,1000M
8,2,0.09726998955011368,king/queen,1000M
8,3,-0.010504479520022869,king/queen,1000M
8,4,-0.04971728473901749,king/queen,1000M
8,5,0.01102561503648758,king/queen,1000M
8,6,-0.022860078141093254,king/queen,1000M
8,7,-0.025551117956638336,king/queen,1000M
8,8,0.1524011194705963,king/queen,1000M
8,9,0.006945459172129631,king/queen,1000M
8,10,0.11614500731229782,king/queen,1000M
8,11,-0.04592032730579376,king/queen,1000M
9,0,0.020832818001508713,king/queen,1000M
9,1,0.00027783215045928955,king/queen,1000M
9,2,0.04221947118639946,king/queen,1000M
9,3,0.06573684513568878,king/queen,1000M
9,4,0.060818709433078766,king/queen,1000M
9,5,0.1218387559056282,king/queen,1000M
9,6,-0.02843838930130005,king/queen,1000M
9,7,-0.03145774453878403,king/queen,1000M
9,8,0.10236462205648422,king/queen,1000M
9,9,0.026446305215358734,king/queen,1000M
9,10,-0.06282109767198563,king/queen,1000M
9,11,-0.13692767918109894,king/queen,1000M
10,0,0.030483020469546318,king/queen,1000M
10,1,0.007250349968671799,king/queen,1000M
10,2,-0.08019635826349258,king/queen,1000M
10,3,0.09811684489250183,king/queen,1000M
10,4,0.08023348450660706,king/queen,1000M
10,5,-0.03400896117091179,king/queen,1000M
10,6,0.024904102087020874,king/queen,1000M
10,7,-0.017691604793071747,king/queen,1000M
10,8,-0.019360098987817764,king/queen,1000M
10,9,-0.1488140970468521,king/queen,1000M
10,10,-0.03225584328174591,king/queen,1000M
10,11,-0.04777731001377106,king/queen,1000M
11,0,-0.013281119056046009,king/queen,1000M
11,1,-0.059898264706134796,king/queen,1000M
11,2,-0.045469872653484344,king/queen,1000M
11,3,-0.0010592304170131683,king/queen,1000M
11,4,-0.028153985738754272,king/queen,1000M
11,5,0.004843361675739288,king/queen,1000M
11,6,0.07098769396543503,king/queen,1000M
11,7,-0.011425355449318886,king/queen,1000M
11,8,0.062277697026729584,king/queen,1000M
11,9,0.06702746450901031,king/queen,1000M
11,10,0.07638406753540039,king/queen,1000M
11,11,-0.008924629539251328,king/queen,1000M
0,0,0.00019856577273458242,man/woman,1000M
0,1,-0.004024387802928686,man/woman,1000M
0,2,-0.0041754827834665775,man/woman,1000M
0,3,-0.00051269237883389,man/woman,1000M
0,4,0.006460937671363354,man/woman,1000M
0,5,-0.0065120430663228035,man/woman,1000M
0,6,-0.000652579590678215,man/woman,1000M
0,7,0.001802306855097413,man/woman,1000M
0,8,-0.007824882864952087,man/woman,1000M
0,9,0.0011249815579503775,man/woman,1000M
0,10,0.0014117781538516283,man/woman,1000M
0,11,-0.004229859448969364,man/woman,1000M
1,0,-0.007911291904747486,man/woman,1000M
1,1,-0.015430059283971786,man/woman,1000M
1,2,-0.000512048602104187,man/woman,1000M
1,3,-0.003158368170261383,man/woman,1000M
1,4,-0.0006811656057834625,man/woman,1000M
1,5,0.0048591867089271545,man/woman,1000M
1,6,0.006285426672548056,man/woman,1000M
1,7,-0.021729182451963425,man/woman,1000M
1,8,0.02852703258395195,man/woman,1000M
1,9,-0.04350800812244415,man/woman,1000M
1,10,-0.004808580502867699,man/woman,1000M
1,11,-0.01251621451228857,man/woman,1000M
2,0,-0.013756291940808296,man/woman,1000M
2,1,-0.004038522951304913,man/woman,1000M
2,2,0.02683914266526699,man/woman,1000M
2,3,-0.01585327461361885,man/woman,1000M
2,4,0.03076261281967163,man/woman,1000M
2,5,0.0010714596137404442,man/woman,1000M
2,6,-0.009885909035801888,man/woman,1000M
2,7,-0.035760678350925446,man/woman,1000M
2,8,0.03162026032805443,man/woman,1000M
2,9,-0.01828768663108349,man/woman,1000M
2,10,-0.008470348082482815,man/woman,1000M
2,11,-0.012786654755473137,man/woman,1000M
3,0,0.0008856002241373062,man/woman,1000M
3,1,-0.07503798604011536,man/woman,1000M
3,2,-0.00621973630040884,man/woman,1000M
3,3,-0.0047815535217523575,man/woman,1000M
3,4,-0.02283216267824173,man/woman,1000M
3,5,-0.002127202693372965,man/woman,1000M
3,6,0.0034200195223093033,man/woman,1000M
3,7,-0.010356137529015541,man/woman,1000M
3,8,0.005387075711041689,man/woman,1000M
3,9,-0.022177455946803093,man/woman,1000M
3,10,-0.02840159460902214,man/woman,1000M
3,11,-0.029152045026421547,man/woman,1000M
4,0,0.022221598774194717,man/woman,1000M
4,1,-0.006202896125614643,man/woman,1000M
4,2,-0.007119996473193169,man/woman,1000M
4,3,0.012471336871385574,man/woman,1000M
4,4,0.010240618139505386,man/woman,1000M
4,5,-0.027242356911301613,man/woman,1000M
4,6,-0.04907066002488136,man/woman,1000M
4,7,-0.004140134900808334,man/woman,1000M
4,8,-0.03366323560476303,man/woman,1000M
4,9,0.010877007618546486,man/woman,1000M
4,10,-0.02027950808405876,man/woman,1000M
4,11,-0.005907750688493252,man/woman,1000M
5,0,-0.016009407117962837,man/woman,1000M
5,1,-0.05990007519721985,man/woman,1000M
5,2,-0.011861065402626991,man/woman,1000M
5,3,-0.11518152803182602,man/woman,1000M
5,4,0.0156359001994133,man/woman,1000M
5,5,0.008786184713244438,man/woman,1000M
5,6,0.022602099925279617,man/woman,1000M
5,7,-0.005625077523291111,man/woman,1000M
5,8,-0.05238170921802521,man/woman,1000M
5,9,-0.058326274156570435,man/woman,1000M
5,10,-0.001379876397550106,man/woman,1000M
5,11,-0.01146713737398386,man/woman,1000M
6,0,0.020678594708442688,man/woman,1000M
6,1,-0.00013645179569721222,man/woman,1000M
6,2,0.06862566620111465,man/woman,1000M
6,3,-0.017474230378866196,man/woman,1000M
6,4,0.008891328237950802,man/woman,1000M
6,5,0.001061239279806614,man/woman,1000M
6,6,0.01149246096611023,man/woman,1000M
6,7,-0.005985291674733162,man/woman,1000M
6,8,-0.03689359873533249,man/woman,1000M
6,9,0.004819066263735294,man/woman,1000M
6,10,0.0004946906119585037,man/woman,1000M
6,11,-0.04552757740020752,man/woman,1000M
7,0,0.00882420688867569,man/woman,1000M
7,1,-0.0017832103185355663,man/woman,1000M
7,2,0.008031248115003109,man/woman,1000M
7,3,-0.11389952898025513,man/woman,1000M
7,4,0.042177651077508926,man/woman,1000M
7,5,0.0790470540523529,man/woman,1000M
7,6,-0.11521299183368683,man/woman,1000M
7,7,-0.018944554030895233,man/woman,1000M
7,8,0.03733590990304947,man/woman,1000M
7,9,-0.011678725481033325,man/woman,1000M
7,10,0.018560968339443207,man/woman,1000M
7,11,0.0054592229425907135,man/woman,1000M
8,0,-0.1370493322610855,man/woman,1000M
8,1,-0.06790226697921753,man/woman,1000M
8,2,-0.01820627599954605,man/woman,1000M
8,3,0.03258765488862991,man/woman,1000M
8,4,-0.24910825490951538,man/woman,1000M
8,5,0.026510467752814293,man/woman,1000M
8,6,-0.014355072751641273,man/woman,1000M
8,7,0.06602280586957932,man/woman,1000M
8,8,0.0716330036520958,man/woman,1000M
8,9,-0.008290193043649197,man/woman,1000M
8,10,0.01723407208919525,man/woman,1000M
8,11,0.010782493278384209,man/woman,1000M
9,0,-0.019355973228812218,man/woman,1000M
9,1,-0.013478321023285389,man/woman,1000M
9,2,-0.00160933006554842,man/woman,1000M
9,3,-0.018845334649086,man/woman,1000M
9,4,-0.04111239314079285,man/woman,1000M
9,5,-0.07553703337907791,man/woman,1000M
9,6,-0.18070939183235168,man/woman,1000M
9,7,-0.05489039421081543,man/woman,1000M
9,8,0.04167034849524498,man/woman,1000M
9,9,0.08424987643957138,man/woman,1000M
9,10,-0.11807377636432648,man/woman,1000M
9,11,-0.15004955232143402,man/woman,1000M
10,0,-0.026362504810094833,man/woman,1000M
10,1,-0.0435335710644722,man/woman,1000M
10,2,-0.0890413150191307,man/woman,1000M
10,3,0.0737641453742981,man/woman,1000M
10,4,-0.039403460919857025,man/woman,1000M
10,5,-0.18655100464820862,man/woman,1000M
10,6,0.003577163442969322,man/woman,1000M
10,7,-0.11144556105136871,man/woman,1000M
10,8,0.002223426476120949,man/woman,1000M
10,9,0.050538528710603714,man/woman,1000M
10,10,-0.012997826561331749,man/woman,1000M
10,11,-0.009597783908247948,man/woman,1000M
11,0,-0.040545251220464706,man/woman,1000M
11,1,-0.033043429255485535,man/woman,1000M
11,2,0.003677360713481903,man/woman,1000M
11,3,-0.002967740409076214,man/woman,1000M
11,4,0.10920922458171844,man/woman,1000M
11,5,0.04090419411659241,man/woman,1000M
11,6,0.01086864247918129,man/woman,1000M
11,7,0.025301486253738403,man/woman,1000M
11,8,-0.06978978216648102,man/woman,1000M
11,9,0.08699668943881989,man/woman,1000M
11,10,0.04835183918476105,man/woman,1000M
11,11,-0.1931207925081253,man/woman,1000M
