checkpoint,max_score,mean_score,scores_json
0M_random,0.3420875370502472,0.16501913964748383,"[[0.1484442502260208, 0.13966552913188934, 0.15896157920360565, 0.16159780323505402, 0.22201700508594513, 0.2977745831012726, 0.3420875370502472, 0.12650538980960846, 0.16505734622478485, 0.19008047878742218, 0.14371168613433838, 0.1423637866973877], [0.15566124022006989, 0.17996059358119965, 0.21118780970573425, 0.1466975212097168, 0.14257873594760895, 0.19970832765102386, 0.1670050323009491, 0.19370482861995697, 0.13340365886688232, 0.14578066766262054, 0.19562411308288574, 0.08241686224937439], [0.19386059045791626, 0.13976481556892395, 0.14039050042629242, 0.18625284731388092, 0.12419377267360687, 0.14467105269432068, 0.23112261295318604, 0.19071492552757263, 0.1924988329410553, 0.17952926456928253, 0.18806219100952148, 0.2126341164112091], [0.15294940769672394, 0.1340736597776413, 0.12887291610240936, 0.13648062944412231, 0.14062602818012238, 0.192766472697258, 0.1747947335243225, 0.17469921708106995, 0.15765662491321564, 0.15761476755142212, 0.14158330857753754, 0.16870352625846863], [0.15833522379398346, 0.133055180311203, 0.20726262032985687, 0.13622653484344482, 0.18401645123958588, 0.18976423144340515, 0.1496080458164215, 0.15154561400413513, 0.16914138197898865, 0.16254210472106934, 0.2169046550989151, 0.17039594054222107], [0.14004170894622803, 0.12973149120807648, 0.1565161645412445, 0.1729688048362732, 0.21790458261966705, 0.15071246027946472, 0.16025486588478088, 0.14950992166996002, 0.15643830597400665, 0.14073669910430908, 0.1681959629058838, 0.15590353310108185], [0.1792895346879959, 0.17199987173080444, 0.1842985898256302, 0.19421231746673584, 0.15681368112564087, 0.17984415590763092, 0.1690922975540161, 0.1658109575510025, 0.1240045577287674, 0.15267537534236908, 0.11050369590520859, 0.1699729859828949], [0.17083986103534698, 0.14611947536468506, 0.15089547634124756, 0.16381841897964478, 0.1665344387292862, 0.17797969281673431, 0.13560673594474792, 0.17750106751918793, 0.1805267632007599, 0.16931334137916565, 0.13141010701656342, 0.13826759159564972], [0.1571955680847168, 0.16814908385276794, 0.15728947520256042, 0.18473297357559204, 0.18616458773612976, 0.14816807210445404, 0.1464954912662506, 0.1765030175447464, 0.15316489338874817, 0.16899612545967102, 0.14581844210624695, 0.12014183402061462], [0.16038022935390472, 0.13095739483833313, 0.19935554265975952, 0.1564728021621704, 0.18007971346378326, 0.15474708378314972, 0.16767361760139465, 0.15493932366371155, 0.16533125936985016, 0.1678498238325119, 0.15416908264160156, 0.16128504276275635], [0.1577737182378769, 0.15753161907196045, 0.1681506633758545, 0.1608511060476303, 0.158260315656662, 0.1986086070537567, 0.17982222139835358, 0.14001531898975372, 0.14319421350955963, 0.1570752114057541, 0.1762826144695282, 0.1542099267244339], [0.17741748690605164, 0.19430404901504517, 0.18296025693416595, 0.1375618726015091, 0.1515035480260849, 0.15767060220241547, 0.16140693426132202, 0.13425017893314362, 0.1555691957473755, 0.191734179854393, 0.1629064679145813, 0.16607841849327087]]"
1M,0.22204020619392395,0.16422703862190247,"[[0.1745530366897583, 0.0957329198718071, 0.18565145134925842, 0.12361769378185272, 0.1284724473953247, 0.22204020619392395, 0.15067042410373688, 0.12047863751649857, 0.15774093568325043, 0.1535172015428543, 0.17086531221866608, 0.17703144252300262], [0.17642368376255035, 0.1592211127281189, 0.14929601550102234, 0.16616782546043396, 0.16775092482566833, 0.16618727147579193, 0.1420280933380127, 0.13751021027565002, 0.20341432094573975, 0.1515926718711853, 0.17196063697338104, 0.12407856434583664], [0.1554727554321289, 0.13814611732959747, 0.14941012859344482, 0.18331430852413177, 0.1654217690229416, 0.1873050183057785, 0.13923326134681702, 0.16498680412769318, 0.18655599653720856, 0.19277919828891754, 0.20268870890140533, 0.16093936562538147], [0.16581659018993378, 0.17112892866134644, 0.15011431276798248, 0.1771017611026764, 0.1791219562292099, 0.15435151755809784, 0.19096258282661438, 0.17247380316257477, 0.13446608185768127, 0.15551546216011047, 0.19265390932559967, 0.16639886796474457], [0.15566988289356232, 0.14846953749656677, 0.16682980954647064, 0.16653795540332794, 0.14633014798164368, 0.1602826863527298, 0.1488819420337677, 0.18724970519542694, 0.17374056577682495, 0.18936501443386078, 0.14539264142513275, 0.16248787939548492], [0.1801234781742096, 0.1672893762588501, 0.14754843711853027, 0.1643601655960083, 0.15701837837696075, 0.18864133954048157, 0.15052516758441925, 0.15665777027606964, 0.16699360311031342, 0.14298036694526672, 0.16041424870491028, 0.16553208231925964], [0.1665864735841751, 0.1479727178812027, 0.16213452816009521, 0.17397861182689667, 0.16111035645008087, 0.1697031408548355, 0.17189408838748932, 0.16504167020320892, 0.15637709200382233, 0.18900835514068604, 0.15354911983013153, 0.17406496405601501], [0.15907356142997742, 0.16137747466564178, 0.15531887114048004, 0.15278521180152893, 0.1738615185022354, 0.1571616530418396, 0.16967931389808655, 0.17385700345039368, 0.15161548554897308, 0.170246422290802, 0.15670131146907806, 0.17514409124851227], [0.15950699150562286, 0.1717357486486435, 0.16811902821063995, 0.16057132184505463, 0.17094478011131287, 0.15917569398880005, 0.16810192167758942, 0.17773661017417908, 0.1611412614583969, 0.16354909539222717, 0.1592385172843933, 0.17343847453594208], [0.175995871424675, 0.16057728230953217, 0.1569216251373291, 0.16827599704265594, 0.16413064301013947, 0.16062745451927185, 0.15995380282402039, 0.160712331533432, 0.16080741584300995, 0.1815614402294159, 0.1721872240304947, 0.16810545325279236], [0.17309622466564178, 0.17270994186401367, 0.15890756249427795, 0.15607674419879913, 0.17445330321788788, 0.161172553896904, 0.1693677008152008, 0.16973809897899628, 0.16783198714256287, 0.16524703800678253, 0.169493168592453, 0.1674153059720993], [0.167788565158844, 0.17166371643543243, 0.17064641416072845, 0.16541816294193268, 0.16341657936573029, 0.165373757481575, 0.15709811449050903, 0.17382481694221497, 0.16861912608146667, 0.17283613979816437, 0.1600216031074524, 0.16343501210212708]]"
5M,0.23660746216773987,0.14551910758018494,"[[0.15899330377578735, 0.10131131112575531, 0.20770901441574097, 0.09859239310026169, 0.11474119126796722, 0.23660746216773987, 0.13713429868221283, 0.13950113952159882, 0.18797431886196136, 0.14762187004089355, 0.1051599532365799, 0.1666402965784073], [0.14077356457710266, 0.21448785066604614, 0.16680113971233368, 0.1801181137561798, 0.18652893602848053, 0.13104714453220367, 0.14721795916557312, 0.18949571251869202, 0.1854921579360962, 0.19714021682739258, 0.08197970688343048, 0.09158652275800705], [0.1231258288025856, 0.1784495860338211, 0.15069009363651276, 0.16170421242713928, 0.1849645972251892, 0.1833345741033554, 0.10720721632242203, 0.13382184505462646, 0.17081785202026367, 0.16545741260051727, 0.14962223172187805, 0.18756642937660217], [0.134754478931427, 0.17963863909244537, 0.17068104445934296, 0.15828081965446472, 0.21984288096427917, 0.11667842417955399, 0.10368339717388153, 0.13989882171154022, 0.14108732342720032, 0.15526732802391052, 0.16236913204193115, 0.16669036448001862], [0.14750681817531586, 0.1280236393213272, 0.14334651827812195, 0.16694402694702148, 0.1682201623916626, 0.14279606938362122, 0.2276548147201538, 0.12057328969240189, 0.18147987127304077, 0.15883652865886688, 0.0869794636964798, 0.15766705572605133], [0.1048804372549057, 0.12230087071657181, 0.14695598185062408, 0.13883662223815918, 0.12044048309326172, 0.15896761417388916, 0.132489874958992, 0.09935058653354645, 0.11038550734519958, 0.14809466898441315, 0.14884427189826965, 0.10286209732294083], [0.11336619406938553, 0.1562541127204895, 0.12230966985225677, 0.12723083794116974, 0.1425383985042572, 0.11201871186494827, 0.15220461785793304, 0.0981234610080719, 0.1183851808309555, 0.1586408019065857, 0.13108223676681519, 0.14952075481414795], [0.12829412519931793, 0.13376984000205994, 0.15412434935569763, 0.1482151746749878, 0.17075973749160767, 0.10754335671663284, 0.1482428014278412, 0.12001427263021469, 0.13674311339855194, 0.15833696722984314, 0.13609251379966736, 0.12972772121429443], [0.15069381892681122, 0.14378859102725983, 0.1658913642168045, 0.1824651062488556, 0.09342864900827408, 0.12148261815309525, 0.1551770567893982, 0.12362222373485565, 0.14134949445724487, 0.11836498975753784, 0.10825522989034653, 0.10689863562583923], [0.1413850635290146, 0.13855238258838654, 0.12655389308929443, 0.17957653105258942, 0.17600086331367493, 0.15485632419586182, 0.12191086262464523, 0.1447632610797882, 0.15417343378067017, 0.1390049308538437, 0.13908162713050842, 0.12875376641750336], [0.15521416068077087, 0.133138507604599, 0.09775098413228989, 0.12316711246967316, 0.09890715777873993, 0.16373898088932037, 0.1557816118001938, 0.09685778617858887, 0.18702289462089539, 0.1617913395166397, 0.15267349779605865, 0.1462881714105606], [0.1537303328514099, 0.15912897884845734, 0.15787789225578308, 0.17043796181678772, 0.1730642169713974, 0.15500949323177338, 0.17599241435527802, 0.14237597584724426, 0.16446150839328766, 0.1514987349510193, 0.12111520022153854, 0.12342975288629532]]"
10M,0.4113002419471741,0.15268832445144653,"[[0.3164055347442627, 0.12312840670347214, 0.1635722666978836, 0.09849754720926285, 0.14186988770961761, 0.2888544499874115, 0.1986837089061737, 0.14697980880737305, 0.3127158284187317, 0.19573974609375, 0.12415566295385361, 0.2045663446187973], [0.18130499124526978, 0.15648339688777924, 0.17619265615940094, 0.1490744799375534, 0.15982358157634735, 0.1608458012342453, 0.14978571236133575, 0.1432988941669464, 0.15595653653144836, 0.15487919747829437, 0.1315281242132187, 0.14436376094818115], [0.1180008202791214, 0.18200722336769104, 0.16183465719223022, 0.13188228011131287, 0.11782708764076233, 0.16312681138515472, 0.14168106019496918, 0.17386014759540558, 0.14758311212062836, 0.14483968913555145, 0.135658860206604, 0.19502441585063934], [0.14471633732318878, 0.1248127669095993, 0.14447522163391113, 0.10714665055274963, 0.19839291274547577, 0.1289413869380951, 0.1917130947113037, 0.15806059539318085, 0.1675417572259903, 0.1755765974521637, 0.15770432353019714, 0.16718930006027222], [0.12903819978237152, 0.15544447302818298, 0.09860944002866745, 0.15746089816093445, 0.21042567491531372, 0.20953308045864105, 0.11767473071813583, 0.15683765709400177, 0.16739463806152344, 0.1527760624885559, 0.13483881950378418, 0.19510255753993988], [0.11626361310482025, 0.14878569543361664, 0.11683186888694763, 0.12304111570119858, 0.15024878084659576, 0.16916878521442413, 0.14731092751026154, 0.14095395803451538, 0.08623277395963669, 0.14361971616744995, 0.12742723524570465, 0.12512698769569397], [0.11545933783054352, 0.15304440259933472, 0.14515447616577148, 0.1264132857322693, 0.14637312293052673, 0.1287183314561844, 0.15542516112327576, 0.17455489933490753, 0.12150336056947708, 0.1181516945362091, 0.15998175740242004, 0.1101173609495163], [0.17473316192626953, 0.12364263832569122, 0.08036095649003983, 0.13224239647388458, 0.4113002419471741, 0.08100131154060364, 0.16697821021080017, 0.08686313778162003, 0.06949062645435333, 0.11337709426879883, 0.13662521541118622, 0.11518319696187973], [0.18699733912944794, 0.1293693333864212, 0.13066983222961426, 0.2201523631811142, 0.10603031516075134, 0.11776608973741531, 0.11474121361970901, 0.19092173874378204, 0.15452413260936737, 0.3078104555606842, 0.21357475221157074, 0.3309808075428009], [0.154070645570755, 0.1699657440185547, 0.06255736202001572, 0.28485897183418274, 0.1269514262676239, 0.12880350649356842, 0.14548389613628387, 0.14385968446731567, 0.117994025349617, 0.1409648060798645, 0.16571123898029327, 0.09481196850538254], [0.12419772893190384, 0.1391419917345047, 0.13220593333244324, 0.10503171384334564, 0.20009838044643402, 0.1270957589149475, 0.06834467500448227, 0.06685401499271393, 0.209726020693779, 0.09461114555597305, 0.1748271882534027, 0.07030538469552994], [0.1408279687166214, 0.16504819691181183, 0.13424374163150787, 0.15259478986263275, 0.14929483830928802, 0.10986500233411789, 0.15487442910671234, 0.1625908613204956, 0.23224572837352753, 0.17927131056785583, 0.14807777106761932, 0.12102710455656052]]"
20M,0.9333345293998718,0.18380890786647797,"[[0.30695271492004395, 0.12347527593374252, 0.19179728627204895, 0.18881437182426453, 0.07402165979146957, 0.25516417622566223, 0.3217817544937134, 0.09986850619316101, 0.22025416791439056, 0.17173035442829132, 0.12796913087368011, 0.12168900668621063], [0.2053617238998413, 0.10975071787834167, 0.3467755615711212, 0.19054535031318665, 0.1595691293478012, 0.028901733458042145, 0.18078020215034485, 0.11604958772659302, 0.1594095230102539, 0.11356111615896225, 0.13118305802345276, 0.13491615653038025], [0.10781987011432648, 0.20020198822021484, 0.2046298086643219, 0.22280564904212952, 0.22205224633216858, 0.21857942640781403, 0.09649642556905746, 0.22388918697834015, 0.2332904189825058, 0.17414410412311554, 0.18890362977981567, 0.15201601386070251], [0.32787102460861206, 0.1642991453409195, 0.19015926122665405, 0.2159748524427414, 0.1806439757347107, 0.12807102501392365, 0.22616499662399292, 0.24360011518001556, 0.25020232796669006, 0.18532128632068634, 0.1752648800611496, 0.22287523746490479], [0.09415946900844574, 0.13351233303546906, 0.050017647445201874, 0.22887173295021057, 0.11735618114471436, 0.232482448220253, 0.05883831903338432, 0.13004228472709656, 0.20483119785785675, 0.13395541906356812, 0.19753067195415497, 0.16980108618736267], [0.18181638419628143, 0.3397093713283539, 0.14982092380523682, 0.16998198628425598, 0.18497933447360992, 0.29691338539123535, 0.40466025471687317, 0.3452796936035156, 0.13145777583122253, 0.286528080701828, 0.12286470830440521, 0.19552376866340637], [0.220650315284729, 0.33945199847221375, 0.19218866527080536, 0.28200095891952515, 0.01290240790694952, 0.05214426666498184, 0.26947274804115295, 0.07787200063467026, 0.18588319420814514, 0.18190066516399384, 0.09368223696947098, 0.1326315850019455], [0.10710041970014572, 0.0485016405582428, 0.06979911774396896, 0.34098827838897705, 0.9333345293998718, 0.2412572205066681, 0.7420918941497803, 0.06258317828178406, 0.06449280679225922, 0.13199812173843384, 0.09586784988641739, 0.04691522568464279], [0.15166911482810974, 0.1438516527414322, 0.08485835045576096, 0.5451157689094543, 0.0018130165990442038, 3.540499528753571e-05, 0.15260624885559082, 0.1458575427532196, 0.2912840247154236, 0.4283689558506012, 0.20487871766090393, 0.0953173041343689], [0.21889154613018036, 0.07711794227361679, 0.04069223627448082, 0.23621445894241333, 0.07280237972736359, 0.09534809738397598, 0.48957812786102295, 0.008331213146448135, 0.042462579905986786, 0.2019696831703186, 0.15948252379894257, 0.052983108907938004], [0.18502789735794067, 0.08330440521240234, 0.2473311871290207, 0.1652311086654663, 0.08974917978048325, 0.14045728743076324, 0.11353083699941635, 0.06959162652492523, 0.48117053508758545, 0.11841542273759842, 0.22827200591564178, 0.12038961797952652], [0.2798793911933899, 0.553256094455719, 0.11461140215396881, 0.17119275033473969, 0.05802995339035988, 0.1393343061208725, 0.23603230714797974, 0.12037979066371918, 0.07793444395065308, 0.041875191032886505, 0.24101856350898743, 0.1286906599998474]]"
30M,0.642440140247345,0.16591978073120117,"[[0.2135126143693924, 0.14281420409679413, 0.18447864055633545, 0.24184751510620117, 0.14357732236385345, 0.18341846764087677, 0.21837802231311798, 0.11129186302423477, 0.15294064581394196, 0.13042138516902924, 0.20100215077400208, 0.12070216238498688], [0.1989656686782837, 0.11644162982702255, 0.18859663605690002, 0.2239380180835724, 0.13904011249542236, 0.1294981986284256, 0.16379787027835846, 0.11005128920078278, 0.09010648727416992, 0.16350680589675903, 0.23635335266590118, 0.1390763521194458], [0.1813967376947403, 0.08844075351953506, 0.16773095726966858, 0.26600953936576843, 0.10325595736503601, 0.21147727966308594, 0.17136557400226593, 0.16415275633335114, 0.1496456265449524, 0.16347792744636536, 0.14894123375415802, 0.12645983695983887], [0.07281322777271271, 0.08558670431375504, 0.023450305685400963, 0.13699083030223846, 0.13000290095806122, 0.08622429519891739, 0.031424444168806076, 0.1292673498392105, 0.0950612872838974, 0.15949279069900513, 0.18327049911022186, 0.08492803573608398], [0.07222317904233932, 0.08707376569509506, 0.007506910711526871, 0.5518791675567627, 0.04283524677157402, 0.1989169716835022, 0.15950952470302582, 0.22119975090026855, 0.18579912185668945, 0.10065706074237823, 0.07146536558866501, 0.10903681069612503], [0.09449996054172516, 0.4056607186794281, 0.2175224870443344, 0.07290997356176376, 0.022613661363720894, 0.463802307844162, 0.3722260892391205, 0.2082064151763916, 0.2553236782550812, 0.37525203824043274, 0.02472614496946335, 0.08686813712120056], [0.1082676574587822, 0.23854878544807434, 0.406946063041687, 0.14392444491386414, 0.10037340968847275, 0.043518297374248505, 0.15877944231033325, 0.1127062439918518, 0.08875119686126709, 0.12436699122190475, 0.0072657219134271145, 0.14460264146327972], [0.09046357125043869, 0.02051708847284317, 0.04959997907280922, 0.44102418422698975, 0.642440140247345, 0.04632018133997917, 0.26559123396873474, 0.07059931755065918, 0.005732112098485231, 0.2816280722618103, 0.08920315653085709, 0.05455781891942024], [0.15686023235321045, 0.3215959668159485, 0.10379055887460709, 0.6328321695327759, 0.18702754378318787, 0.2608858644962311, 0.07015902549028397, 0.10318590700626373, 0.0005442281835712492, 0.11284714937210083, 0.5418034791946411, 0.3927587568759918], [0.1611778289079666, 0.07914961874485016, 0.012221785262227058, 0.33046188950538635, 0.01207278948277235, 0.09981294721364975, 0.1563841849565506, 0.11117999255657196, 0.028476117178797722, 0.10059826821088791, 0.17522715032100677, 0.11917278170585632], [0.08875936269760132, 0.08494491130113602, 0.07419828325510025, 0.149631068110466, 0.42639002203941345, 0.10250768065452576, 0.055945783853530884, 0.07876501977443695, 0.36878737807273865, 0.11748339980840683, 0.2842106223106384, 0.03304426744580269], [0.25504449009895325, 0.41068631410598755, 0.16124200820922852, 0.24905048310756683, 0.004299990367144346, 0.13275748491287231, 0.19987967610359192, 0.20032565295696259, 0.14242568612098694, 0.056022122502326965, 0.13003484904766083, 0.5677192211151123]]"
40M,0.5872938632965088,0.15007025003433228,"[[0.2133624404668808, 0.17257535457611084, 0.06764869391918182, 0.21882294118404388, 0.12011391669511795, 0.10108692944049835, 0.27471989393234253, 0.1508106142282486, 0.10676111280918121, 0.11210308969020844, 0.18613286316394806, 0.17198291420936584], [0.22461412847042084, 0.07581541687250137, 0.1757582575082779, 0.3129032552242279, 0.12655092775821686, 0.1582266390323639, 0.09416569024324417, 0.07751112431287766, 0.09447521716356277, 0.07349207997322083, 0.3573887050151825, 0.18959572911262512], [0.16522477567195892, 0.08874952048063278, 0.23925858736038208, 0.2714608311653137, 0.11812672019004822, 0.26338228583335876, 0.08879946917295456, 0.1873229593038559, 0.21674031019210815, 0.13731445372104645, 0.19101586937904358, 0.12658941745758057], [0.12608425319194794, 0.14372263848781586, 0.09139559417963028, 0.1523832231760025, 0.1469198614358902, 0.10001298785209656, 0.015396300703287125, 0.3945029079914093, 0.10001422464847565, 0.12197410315275192, 0.1814565509557724, 0.2074194699525833], [0.03212316334247589, 0.10756941139698029, 0.02313225343823433, 0.44463178515434265, 0.0908597782254219, 0.20719338953495026, 0.22394293546676636, 0.1442294865846634, 0.3429744243621826, 0.2326841652393341, 0.06719917058944702, 0.04281993955373764], [0.18004262447357178, 0.2661341428756714, 0.0783473327755928, 0.029029035940766335, 0.06383894383907318, 0.39668938517570496, 0.2068587690591812, 0.06467362493276596, 0.11186207830905914, 0.15320298075675964, 0.01900959387421608, 0.08004109561443329], [0.12039168179035187, 0.13655269145965576, 0.09121028333902359, 0.16329766809940338, 0.08822713047266006, 0.08643562346696854, 0.13866397738456726, 0.10637985914945602, 0.025795936584472656, 0.37761205434799194, 0.021900616586208344, 0.06335795670747757], [0.0048244064673781395, 0.0063856798224151134, 0.2275179624557495, 0.20327600836753845, 0.4207097291946411, 0.03431380167603493, 0.1291208267211914, 0.04829074814915657, 0.043235816061496735, 0.4934424161911011, 0.1463887095451355, 0.05778267979621887], [0.24563124775886536, 0.0817536786198616, 0.20299896597862244, 0.39413097500801086, 0.23045779764652252, 0.33813753724098206, 0.04097692668437958, 0.30164334177970886, 0.01735341176390648, 0.09842731803655624, 0.06792754679918289, 0.2760681211948395], [0.14124256372451782, 0.06828778982162476, 0.09952762722969055, 0.25151705741882324, 0.09128488600254059, 0.06380491703748703, 0.18929269909858704, 0.29380375146865845, 0.13183562457561493, 0.07821162045001984, 0.04543827474117279, 0.04927200824022293], [0.12264750897884369, 0.17031040787696838, 0.1057443767786026, 0.0493709035217762, 0.16196726262569427, 0.008666987530887127, 0.07998378574848175, 0.1835881471633911, 0.5872938632965088, 0.14502385258674622, 0.1237059235572815, 0.010812022723257542], [0.354885458946228, 0.03032113052904606, 0.10132069885730743, 0.038277070969343185, 0.14387492835521698, 0.13150349259376526, 0.09398121386766434, 0.18753135204315186, 0.08290597051382065, 0.037623628973960876, 0.1614922285079956, 0.1221679300069809]]"
50M,0.4501660168170929,0.1266734004020691,"[[0.20950853824615479, 0.14880254864692688, 0.09900310635566711, 0.23061783611774445, 0.15910539031028748, 0.1275554895401001, 0.2379579395055771, 0.16730013489723206, 0.10879860818386078, 0.12988242506980896, 0.2805233299732208, 0.16186325252056122], [0.1470016986131668, 0.0704338476061821, 0.13491375744342804, 0.3282366096973419, 0.08266667276620865, 0.15546607971191406, 0.059074729681015015, 0.03361076861619949, 0.09117361903190613, 0.07878897339105606, 0.13385403156280518, 0.14254644513130188], [0.13091297447681427, 0.11412891745567322, 0.16495855152606964, 0.16058236360549927, 0.11818183213472366, 0.09057632833719254, 0.09134164452552795, 0.061000678688287735, 0.2129572182893753, 0.04932447522878647, 0.15541790425777435, 0.10653213411569595], [0.2122969776391983, 0.2371077686548233, 0.05395302176475525, 0.10085098445415497, 0.14964617788791656, 0.15250253677368164, 0.0020107554737478495, 0.18900743126869202, 0.17401830852031708, 0.0705486536026001, 0.25732654333114624, 0.11227422952651978], [0.021952666342258453, 0.09153939038515091, 0.01127174124121666, 0.16945086419582367, 0.033859267830848694, 0.050097085535526276, 0.24313616752624512, 0.08910094946622849, 0.28006231784820557, 0.14870257675647736, 0.05067375302314758, 0.08587352186441422], [0.03036567196249962, 0.4302780032157898, 0.17152298986911774, 0.0826219692826271, 0.031991664320230484, 0.22302792966365814, 0.05155001953244209, 0.11457673460245132, 0.04651699215173721, 0.08009646087884903, 0.033948011696338654, 0.13883186876773834], [0.041471414268016815, 0.07837514579296112, 0.28033971786499023, 0.1285858154296875, 0.12472348660230637, 0.11998505890369415, 0.1297248750925064, 0.15127556025981903, 0.053141798824071884, 0.15707483887672424, 0.0054838648065924644, 0.07300124317407608], [0.030252063646912575, 0.004203104879707098, 0.027322767302393913, 0.1185208186507225, 0.27126890420913696, 0.0490742102265358, 0.16417144238948822, 0.06531110405921936, 0.018071239814162254, 0.18516062200069427, 0.1396549642086029, 0.06873813271522522], [0.20669250190258026, 0.11662591993808746, 0.17124511301517487, 0.334703654050827, 0.14336742460727692, 0.16228842735290527, 0.06127568334341049, 0.07038325071334839, 0.0009137800661846995, 0.08941042423248291, 0.028958197683095932, 0.27455440163612366], [0.15321975946426392, 0.05045238137245178, 0.03157946839928627, 0.2626531422138214, 0.02696034498512745, 0.03397563844919205, 0.15807507932186127, 0.36940017342567444, 0.12209502607584, 0.13219191133975983, 0.03502221032977104, 0.08113197237253189], [0.08032618463039398, 0.12724079191684723, 0.06453566998243332, 0.10485461354255676, 0.1619747281074524, 0.018267285078763962, 0.1156010627746582, 0.09195815771818161, 0.3123178780078888, 0.09776344150304794, 0.3072562515735626, 0.05750549957156181], [0.4501660168170929, 0.0014291639672592282, 0.11698565632104874, 0.015406858175992966, 0.11714479327201843, 0.16620734333992004, 0.16238276660442352, 0.19141222536563873, 0.20821158587932587, 0.03970983624458313, 0.1637018918991089, 0.06930837780237198]]"
60M,0.5684317946434021,0.13488417863845825,"[[0.1406092494726181, 0.1610274761915207, 0.09355209022760391, 0.23756133019924164, 0.1487862914800644, 0.11776583641767502, 0.19284988939762115, 0.1412535160779953, 0.08885852247476578, 0.10108745098114014, 0.24003101885318756, 0.14499464631080627], [0.07719822227954865, 0.07565583288669586, 0.21007497608661652, 0.43914857506752014, 0.09703704714775085, 0.13756980001926422, 0.0378655344247818, 0.07156452536582947, 0.11558152735233307, 0.10765717178583145, 0.18196551501750946, 0.1657617837190628], [0.05987818166613579, 0.13114824891090393, 0.1471342295408249, 0.16306506097316742, 0.10971412062644958, 0.07507292181253433, 0.028042003512382507, 0.04855407774448395, 0.24076664447784424, 0.09871499985456467, 0.16025026142597198, 0.0743105411529541], [0.22533361613750458, 0.19761045277118683, 0.09380104392766953, 0.08287382870912552, 0.11763397604227066, 0.2608383297920227, 0.003982343710958958, 0.15361584722995758, 0.08510009199380875, 0.05551723763346672, 0.1767570972442627, 0.03338097035884857], [0.1509810835123062, 0.24524706602096558, 0.003320378018543124, 0.03330451250076294, 0.04908333346247673, 0.06644012778997421, 0.1843549907207489, 0.037944819778203964, 0.23738157749176025, 0.09106946736574173, 0.08042415976524353, 0.2251080721616745], [0.04126526787877083, 0.35702791810035706, 0.08259905874729156, 0.07262516021728516, 0.04531415179371834, 0.3681877851486206, 0.06352757662534714, 0.19608311355113983, 0.170291006565094, 0.126493439078331, 0.02698342129588127, 0.18317387998104095], [0.05411090329289436, 0.026015346869826317, 0.2535421848297119, 0.18312469124794006, 0.037517108023166656, 0.3040085434913635, 0.12318909913301468, 0.04919758439064026, 0.03777414932847023, 0.4948253631591797, 0.02882845513522625, 0.09806685894727707], [0.0598272904753685, 0.013297940604388714, 0.0731777623295784, 0.20963798463344574, 0.2866279184818268, 0.06240387633442879, 0.3959747552871704, 0.10280019789934158, 0.09678035974502563, 0.14173933863639832, 0.08586225658655167, 0.1019577905535698], [0.2854468822479248, 0.016674039885401726, 0.1827637404203415, 0.07516384869813919, 0.11259446293115616, 0.3503599464893341, 0.03375375270843506, 0.12409422546625137, 0.006312037352472544, 0.08353672921657562, 0.06329380720853806, 0.299661785364151], [0.09538411349058151, 0.06695300340652466, 0.07500619441270828, 0.32897570729255676, 0.1204054057598114, 0.08792383968830109, 0.2693120837211609, 0.17638394236564636, 0.14127692580223083, 0.15703538060188293, 0.02493821270763874, 0.1314815878868103], [0.010546635836362839, 0.08183111995458603, 0.13152439892292023, 0.16242745518684387, 0.20692147314548492, 0.04085368663072586, 0.09478026628494263, 0.06372687220573425, 0.5684317946434021, 0.06565756350755692, 0.254295289516449, 0.05650589242577553], [0.2008463740348816, 0.07165488600730896, 0.1300966888666153, 0.04115520045161247, 0.09476058185100555, 0.14187976717948914, 0.13343632221221924, 0.16242749989032745, 0.23705586791038513, 0.01979251205921173, 0.16094356775283813, 0.17596562206745148]]"
100M,0.6746575236320496,0.11537119001150131,"[[0.11768047511577606, 0.14473246037960052, 0.040398143231868744, 0.17615830898284912, 0.12453603744506836, 0.08500589430332184, 0.14884786307811737, 0.10234345495700836, 0.07192119210958481, 0.12822864949703217, 0.1607058346271515, 0.1014178991317749], [0.08954363316297531, 0.09101352840662003, 0.11795590072870255, 0.21469280123710632, 0.05289668217301369, 0.14267376065254211, 0.020527414977550507, 0.1014983281493187, 0.20045754313468933, 0.1178116649389267, 0.19688674807548523, 0.15872997045516968], [0.029768820852041245, 0.12885919213294983, 0.0943865105509758, 0.08606225997209549, 0.23951269686222076, 0.13679713010787964, 0.03021499328315258, 0.04069086164236069, 0.20949389040470123, 0.16767077147960663, 0.050555385649204254, 0.03906550258398056], [0.12640301883220673, 0.17738725244998932, 0.12436573952436447, 0.07707825303077698, 0.08937516063451767, 0.18995949625968933, 0.005100194830447435, 0.2301112711429596, 0.07728417962789536, 0.014225793071091175, 0.06256099045276642, 0.1071917861700058], [0.22690564393997192, 0.18735569715499878, 0.004456535447388887, 0.05392960458993912, 0.05131726711988449, 0.1131967306137085, 0.31572139263153076, 0.1973462998867035, 0.0780583992600441, 0.09432808309793472, 0.06660956889390945, 0.06304796785116196], [0.03053990937769413, 0.18955548107624054, 0.10754038393497467, 0.06610079109668732, 0.03964602202177048, 0.09017257392406464, 0.04178851470351219, 0.05598526448011398, 0.020668204873800278, 0.04249085485935211, 0.08798295259475708, 0.13605886697769165], [0.04022474214434624, 0.09506502747535706, 0.052216049283742905, 0.2297515869140625, 0.0577135905623436, 0.2749817669391632, 0.13477478921413422, 0.01385783776640892, 0.116246297955513, 0.21157902479171753, 0.08355294913053513, 0.09059195220470428], [0.06619963049888611, 0.0038533920887857676, 0.00494044553488493, 0.08308149874210358, 0.09854114800691605, 0.09426224231719971, 0.1895982325077057, 0.02753623016178608, 0.060063522309064865, 0.031992316246032715, 0.07639430463314056, 0.16399729251861572], [0.40981513261795044, 0.0739382654428482, 0.06215817481279373, 0.4935551881790161, 0.12259847670793533, 0.08364082872867584, 0.025363368913531303, 0.07018820941448212, 0.0013356123818084598, 0.05883127823472023, 0.020979950204491615, 0.24962486326694489], [0.14753010869026184, 0.11902431398630142, 0.05025850981473923, 0.10216352343559265, 0.24400386214256287, 0.1335868090391159, 0.12880857288837433, 0.20939908921718597, 0.08111768960952759, 0.03366389125585556, 0.6746575236320496, 0.09272218495607376], [0.0048057097010314465, 0.1527046263217926, 0.07570817321538925, 0.2981298863887787, 0.07889961451292038, 0.04288146272301674, 0.180178701877594, 0.01871640793979168, 0.17181243002414703, 0.17191576957702637, 0.026372216641902924, 0.16729222238063812], [0.2718399465084076, 0.11653219908475876, 0.05138011276721954, 0.010304298251867294, 0.12474966049194336, 0.2093115597963333, 0.2352452576160431, 0.1745433807373047, 0.10905487835407257, 0.01097993552684784, 0.07195260375738144, 0.04657122120261192]]"
200M,0.8966746926307678,0.13154369592666626,"[[0.07914768159389496, 0.15537801384925842, 0.03456474095582962, 0.205295130610466, 0.05843924358487129, 0.06911379843950272, 0.1604737788438797, 0.09984710812568665, 0.048791855573654175, 0.12537725269794464, 0.12958210706710815, 0.07050740718841553], [0.08497140556573868, 0.112443707883358, 0.2122034728527069, 0.11449907720088959, 0.058168675750494, 0.12247788161039352, 0.036414165049791336, 0.10852585732936859, 0.12869727611541748, 0.058405954390764236, 0.09471103549003601, 0.12119027227163315], [0.02342512644827366, 0.07567375898361206, 0.06238230690360069, 0.06544724851846695, 0.04686250910162926, 0.13162441551685333, 0.03455435857176781, 0.0822831466794014, 0.22222673892974854, 0.08820787817239761, 0.055193860083818436, 0.027291085571050644], [0.0646999329328537, 0.1653425097465515, 0.15003646910190582, 0.01565340906381607, 0.15729480981826782, 0.20606595277786255, 0.009088658727705479, 0.1922595351934433, 0.03527646139264107, 0.01802317425608635, 0.09495376795530319, 0.10852072387933731], [0.16186843812465668, 0.17562951147556305, 0.00013197674707043916, 0.07502204924821854, 0.11611732095479965, 0.05622119829058647, 0.8687316179275513, 0.0946567952632904, 0.12273207306861877, 0.1939610242843628, 0.0630837082862854, 0.0425318144261837], [0.021162228658795357, 0.24820761382579803, 0.019115375354886055, 0.02759680151939392, 0.1996416449546814, 0.04094463214278221, 0.011224969290196896, 0.07774335145950317, 0.00024343689437955618, 0.06010415405035019, 0.06599884480237961, 0.06142593175172806], [0.057532284408807755, 0.04132041707634926, 0.15004663169384003, 0.3898453116416931, 0.11559922993183136, 0.3151559829711914, 0.0717688575387001, 0.0008309305994771421, 0.1793660819530487, 0.1863187849521637, 0.050937503576278687, 0.02361309342086315], [0.26300978660583496, 0.00029980935505591333, 0.032622940838336945, 0.11870703846216202, 0.05661781132221222, 0.04652807489037514, 0.8061971664428711, 0.03220925107598305, 0.04149883985519409, 0.08001207560300827, 0.04136282205581665, 0.07057296484708786], [0.8966746926307678, 0.16362032294273376, 0.05782592296600342, 0.7260372042655945, 0.10281061381101608, 0.05740794911980629, 0.03208379074931145, 0.030351709574460983, 1.7386622857884504e-05, 0.051697373390197754, 0.014850901439785957, 0.21701198816299438], [0.4017012417316437, 0.12953810393810272, 0.030805554240942, 0.09816309809684753, 0.049206167459487915, 0.008508575148880482, 0.1337709277868271, 0.578433632850647, 0.11498798429965973, 0.07592838257551193, 0.8426732420921326, 0.16515281796455383], [0.145339235663414, 0.061086513102054596, 0.23272442817687988, 0.0979982390999794, 0.044714439660310745, 0.03331197798252106, 0.0855727419257164, 0.12781010568141937, 0.1543038785457611, 0.14839398860931396, 0.017534514889121056, 0.1412273794412613], [0.2849609851837158, 0.0403963066637516, 0.14341634511947632, 0.16884003579616547, 0.12201762199401855, 0.20152544975280762, 0.3259752094745636, 0.227909654378891, 0.20130060613155365, 0.1518654078245163, 0.09438036382198334, 0.11274313181638718]]"
1000M,0.7991911172866821,0.1155523881316185,"[[0.07654451578855515, 0.131541907787323, 0.03524882718920708, 0.10212884098291397, 0.07010040432214737, 0.025862418115139008, 0.14007258415222168, 0.10787640511989594, 0.04495048150420189, 0.18364134430885315, 0.11653323471546173, 0.010728306137025356], [0.14046458899974823, 0.15611010789871216, 0.03125888109207153, 0.17894940078258514, 0.169781893491745, 0.05566761642694473, 0.01962439902126789, 0.03071078285574913, 0.2513311803340912, 1.0943661266082927e-07, 0.1719721257686615, 0.1257820725440979], [0.016649849712848663, 0.05830373242497444, 0.03288960084319115, 0.00010067342373076826, 0.009608608670532703, 0.10665253549814224, 0.03098970651626587, 0.06741632521152496, 0.04840140789747238, 0.0682467594742775, 0.021257886663079262, 0.0512893870472908], [0.01772572658956051, 0.051660794764757156, 0.12929408252239227, 0.01872309483587742, 0.38491225242614746, 0.07414404302835464, 0.015421508811414242, 0.17342165112495422, 0.1032203957438469, 0.01713932678103447, 0.032028086483478546, 0.006150472443550825], [0.0789182037115097, 0.06065259128808975, 3.003207682539255e-10, 0.025101779028773308, 0.028739430010318756, 0.06599289923906326, 0.7991911172866821, 0.04995051771402359, 0.06632128357887268, 0.08236383646726608, 0.04065707325935364, 0.0356154590845108], [0.03914080932736397, 0.15006257593631744, 0.04011372849345207, 0.05566206946969032, 0.0435498021543026, 0.028206178918480873, 0.07153569161891937, 0.16978946328163147, 0.0011984487064182758, 0.13030141592025757, 0.13720418512821198, 0.04155303165316582], [0.05383537337183952, 0.004865965805947781, 0.16151870787143707, 0.3275279402732849, 0.15891823172569275, 0.09686191380023956, 0.0858866274356842, 0.0005641655880026519, 0.0964093953371048, 0.4147566258907318, 0.05782457813620567, 0.017199449241161346], [0.13687853515148163, 0.012343349866569042, 0.016344498842954636, 0.1487964391708374, 0.04021599143743515, 0.06782249361276627, 0.7334794402122498, 0.10005681961774826, 0.026741357520222664, 0.24015706777572632, 0.06625637412071228, 0.0052619194611907005], [0.7905041575431824, 0.17252615094184875, 0.03564731404185295, 0.3808412551879883, 0.1559455692768097, 0.20345333218574524, 0.0758167952299118, 0.0229968149214983, 0.00021031939832028002, 0.17965388298034668, 0.1251455545425415, 0.13199570775032043], [0.35963061451911926, 0.05393507704138756, 0.39816737174987793, 0.14160361886024475, 0.10800974071025848, 0.013262842781841755, 0.03586776554584503, 0.49496689438819885, 0.07585790753364563, 0.04453463479876518, 0.335503488779068, 0.21855299174785614], [0.1561727225780487, 0.11465722322463989, 0.2580474317073822, 0.15345366299152374, 0.09817270934581757, 0.08111022412776947, 0.11315153539180756, 0.021743234246969223, 0.20256724953651428, 0.054288290441036224, 0.11427605152130127, 0.033399052917957306], [0.23549844324588776, 0.06379932165145874, 0.07563024014234543, 0.05775794759392738, 0.09140853583812714, 0.19582153856754303, 0.11260569095611572, 0.12378157675266266, 0.12083396315574646, 0.2674137055873871, 0.09427504986524582, 0.020171791315078735]]"
